Record ID - Company,Company name,Company owner,Country/Region,Website URL
4195210741,Rugby Addict,Hanson Ojo,United Kingdom,http://www.rugby-addict.com
2969991264,UCLA,Wei Chen,United States,http://www.ucla.edu
3206792017,Pacific Media Group,Sander Lammers,United States,http://www.pmghawaii.com
4015639585,La Isla Oeste,United States,http://www.laislaoeste.com,
6880295452,EA,United States,http://www.ea.com,
4546486171,Golin,United States,http://www.golin.com,
4446072941,3FM,Rory Hunter,United Kingdom,http://www.three.fm
3843887834,It's Gone Viral,Wei Chen,United Kingdom,http://www.igvofficial.com
8301580121,Stoodnt,United States,http://www.stoodnt.com,
8288879449,Haystack News,Wei Chen,United States,http://www.haystack.tv
9780636718,London Bangla Ltd,Rory Hunter,United Kingdom,http://www.lb24.tv
4015714886,SamMobile.com,Rory Hunter,United States,http://www.sammobile.com
4723851108,A07 Online Media,United States,http://www.a07online.com,
3051693345,Isle of Wight Radio,Rory Hunter,United Kingdom,http://www.iwradio.co.uk
7973919785,The Richmond Observer,Wei Chen,United States,http://www.richmondobserver.com
2969989757,KitGuru,United Kingdom,http://www.kitguru.net,
3420427223,GreaterGood,United States,http://www.greatergood.com,
8207091321,KTTN,Wei Chen,United States,http://www.kttn.com
6113049964,Teton Media Works,United States,http://www.tetonmediaworks.com,
6972427879,Flood Communications,United States,http://www.floodcomm.com,
3074642641,Curvy Girl Chic,United States,http://www.curvygirlchic.com,
4546299609,Chinese Herald,Rory Hunter,New Zealand,http://www.chineseherald.co.nz
2969782692,Gay Times,Rory Hunter,United Kingdom,http://www.gaytimes.co.uk
3421173889,Catchfence,Wei Chen,United States,http://www.catchfence.com
3424109835,Eleven Warriors,Rory Hunter,United States,http://www.elevenwarriors.com
2970029924,Graham Media Group,United States,http://www.grahammedia.com,
8292997453,Farmers Guardian,Sander Lammers,United Kingdom,https://www.farmersguardian.com/
3074620857,Crime Online,Rory Hunter,United States,http://www.crimeonline.com
3426831493,Best Little Sites,Rory Hunter,United States,http://www.comicbookmovie.com
4551103360,Situation Publishing,United Kingdom,http://www.situationpublishing.com,
8289250103,KTSF,United States,http://www.ktsf.com,
3074609010,The Outbound Collective,United States,http://www.theoutbound.com,
3424109852,Ringside News,Rory Hunter,United States,http://www.ringsidenews.com
2970010599,Condé Nast Britain,United Kingdom,http://www.condenast.co.uk,
4446085006,Pulse 2.0,Rory Hunter,United States,http://www.pulse2.com
4805117762,Cricket Australia,Rory Hunter,Australia,http://www.cricketaustralia.com.au
8082667121,KnowTechie,Wei Chen,United States,http://www.knowtechie.com
2969782271,Londra Gazete,Rory Hunter,United Kingdom,http://www.londragazete.com
3074634490,Vital MTB,Wei Chen,United States,http://www.vitalmtb.com
7989782921,Eagle Country 99.3,Rory Hunter,United States,http://www.eaglecountryonline.com
4333575372,UFOholic,United States,http://www.ufoholic.com,
8161185672,Hookshot Media,United Kingdom,http://www.hookshot.media,
3074646160,Just Jared,Harry Martin,United States,http://www.justjared.com
3420427224,Rimix Radio,Rory Hunter,United States,http://www.rimixradio.com
8309578112,Taste Life,United States,http://www.tastelife.tv,
5702725973,"Homelife Media, LLC",United States,http://www.homelifemedia.com,
3053099990,The Poke,Rory Hunter,United Kingdom,http://www.thepoke.co.uk
3236349179,Horror Society,United States,http://www.horrorsociety.com,
3262459642,Awesome Stuff 365,New Zealand,http://www.awesomestuff365.com,
3426821874,Celeb Dirty Laundry,Rory Hunter,United States,http://www.celebdirtylaundry.com
4333575595,Over60,Sander Lammers,Australia,http://www.oversixty.com.au
8324017207,Quad Cities,Wei Chen,United States,http://www.quadcities.com
6685631412,Gematsu,Wei Chen,Australia,http://www.gematsu.com
4333571688,Finder,Australia,http://www.finder.com.au,
4446084955,Jedi News,Rory Hunter,United Kingdom,http://www.jedinews.co.uk
4349353703,Emerald Green Media,United Kingdom,http://www.emeraldgreenmedia.com,
2969991269,Al-Arab Publishing House,United Kingdom,http://www.alarab.co.uk,
8192468373,KCJJ,United States,http://www.1630kcjj.com,
4663109535,Talking Rugby Union (TRU),Wei Chen,United Kingdom,http://www.talkingrugbyunion.co.uk
2969985176,AllHipHop,Rory Hunter,United States,http://www.allhiphop.com
3074620814,Mom and More,Wei Chen,United States,http://www.momandmore.com
7983370758,Manhattan Broadcasting Company,United States,http://www.manhattanbroadcasting.com,
6947767043,True Achievements,United Kingdom,http://www.trueachievements.com,
4196115149,IMBOLDN,Wei Chen,United States,http://www.imboldn.com
9931808302,Beatport,United States,http://www.beatport.com,
5847540611,"Block Communications, Inc.",United States,http://www.blockcommunications.com,
8003783477,Adafruit,United States,http://www.adafruit.com,
5746396323,Association of Optometrists,United Kingdom,http://www.aop.org.uk,
7452143369,Fresh: Hip-Hop & R&B,United States,http://www.freshhiphoprnb.com,
17555855528,Moshi Media (Moshi Inc.),United States,http://www.moshi.media,
6406123807,CapeCod.com,United States,http://www.capecod.com,
2970038413,RNZ,Damian Domanski,New Zealand,http://www.radionz.co.nz
6745174686,Liftable Media,United States,http://www.liftablemedia.com,
4446120913,Manx Radio,Rory Hunter,United Kingdom,http://www.manxradio.com
4849013835,Derry Daily,Rory Hunter,United Kingdom,http://www.derrydaily.net
8227795825,Indiana Public Media,Damian Domanski,United States,http://www.indianapublicmedia.org
6646689385,DEV Community,United States,http://www.dev.to,
3074620798,I Creative Ideas,Sander Lammers,United States,http://www.icreativeideas.com
7981700639,Sparkles to Sprinkles,United States,http://www.sparklestosprinkles.com,
3262454833,Urbanislandz,United States,http://www.urbanislandz.com,
7974589572,Newsdakota.com,Wei Chen,United States,http://www.newsdakota.com
9886663814,SwagGrabber,United States,http://www.swaggrabber.com,
3074615341,FacMedicine,United States,http://www.facmedicine.com,
5684985392,Essex Media Group,Rory Hunter,United States,https://itemlive.com/
8303515288,MageeNews.com,Wei Chen,United States,http://www.mageenews.com
3262427814,Skykiwi.com,New Zealand,http://www.skykiwi.com,
10121833908,TheBigLead,Wei Chen,United States,http://www.thebiglead.com
9931787067,EventHubs,Wei Chen,United States,http://www.eventhubs.com
9445948082,Wdtv,Damian Domanski,United States,http://www.wdtv.com
11453657655,Thecryptobasic,Wei Chen,United States,http://www.thecryptobasic.com
6907818136,Stacksocial,United States,http://www.stacksocial.com,
8162758022,FOX 24 Charleston,Wei Chen,United States,http://www.foxcharleston.com
2970025634,The Manual,Rory Hunter,United States,http://www.themanual.com
6158443021,Southern Newspapers,United States,http://www.sninews.com,
9460101775,NewsChannel 10,Damian Domanski,United States,http://www.newschannel10.com
3420837690,GBnews24,Sander Lammers,United Kingdom,http://www.gbnews24.com
5710173360,"Heritage Media Of Kentucky, Inc",Rory Hunter,United States,http://www.k105.com
4446084865,Ziarul Românesc,Rory Hunter,United Kingdom,http://www.ziarulromanesc.net
6658376990,Bounding Into Comics,Sander Lammers,United States,http://www.boundingintocomics.com
2970038413,RNZ,New Zealand,http://www.radionz.co.nz,
3074615262,Saving Toward A Better Life,United States,http://www.savingtowardabetterlife.com,
2970010581,Londynek.net,Sander Lammers,United Kingdom,http://www.londynek.net
8030629237,Just A Pinch Recipes,United States,http://www.justapinch.com,
8993486104,News 12,Damian Domanski,United States,http://www.wrdw.com
3420837696,MyMMANews.com,Sander Lammers,United States,http://www.mymmanews.com
9451944230,FOX 8,Damian Domanski,United States,http://www.fox8live.com
3420427221,Albumism,Rory Hunter,United States,http://www.albumism.com
7975180599,Kiss Binghamton,Wei Chen,United States,http://www.kissbinghamton.com
3074646133,Humans Are Free,United States,http://www.humansarefree.com,
4446120817,The Fandom Post,Rory Hunter,United States,http://www.fandompost.com
3262454793,Ruck Rugby Limited,Sander Lammers,United Kingdom,http://www.ruck.co.uk
2970030020,Arabi21,United Kingdom,http://www.arabi21.com,
3236253251,BangShift.com,Rory Hunter,United States,http://www.bangshift.com
2969782696,Wisden Cricket,Rory Hunter,United Kingdom,http://www.wisden.com
4446113456,AcheiUSA,Rory Hunter,United States,http://www.acheiusa.com
2970030124,رأي اليوم,United Kingdom,http://www.raialyoum.com,
8191953448,KROX,United States,http://www.kroxam.com,
4561124553,Agrios Ltd,Sander Lammers,United Kingdom,http://www.farminguk.com
8993823148,WPMT Fox43,United States,http://www.fox43.com,
2969985006,Coleraine Chronicle,Wei Chen,United Kingdom,http://www.colerainechronicle.co.uk
3074615199,RealClear Media Group,United States,http://www.realclearmediagroup.com,
6758083474,KTVB,Damian Domanski,United States,http://www.ktvb.com
8993823298,KBTX,Wei Chen,United States,http://www.kbtx.com
6773087368,VisionSansar,United Kingdom,http://www.visionsansar.com,
3420427231,The Poached Egg,United States,http://www.thepoachedegg.net,
7994136065,BlackSportsOnline,Rory Hunter,United States,http://www.blacksportsonline.com
7348257678,EDM Identity,Wei Chen,United States,http://www.edmidentity.com
4446113316,Awful Announcing,Rory Hunter,United States,http://www.awfulannouncing.com
4582715024,Fox 21 News,United States,http://www.fox21online.com,
8310648686,Motorsport Week,Wei Chen,United Kingdom,http://www.motorsportweek.com
6673671730,América TeVe,Rory Hunter,United States,http://www.americateve.com
6434065963,Rangers FC,Wei Chen,United Kingdom,http://www.rangers.co.uk
6659050752,Mactrast,Wei Chen,United States,http://www.mactrast.com
23860265398,Gamer Network,United Kingdom,http://www.gamer.network,
3262470270,411Mania,Rory Hunter,United States,http://www.411mania.com
7520040565,Awareness Act,Rory Hunter,United States,http://www.awarenessact.com
4446133740,Bleeding Cool,Sander Lammers,United States,http://www.bleedingcool.com
4333530133,Mundo Now,United States,http://www.mundohispanico.com,
8818809427,The Hard Tackle,Wei Chen,United Kingdom,http://www.thehardtackle.com
8053048664,Comic Watch,Wei Chen,United States,http://www.comic-watch.com
11450934100,Khasokhas,United States,http://www.khasokhas.com,
6672199767,BFBS,United Kingdom,http://about.bfbs.com,
9931794243,The Pinnacle List,United States,http://www.thepinnaclelist.com,
6902231856,MSPoweruser.com,Rory Hunter,United Kingdom,http://www.mspoweruser.com
4551441337,Soccer Publishing Limited,Rory Hunter,United Kingdom,http://www.thisisanfield.com
6908662385,Great American Outdoors,United States,http://www.greatamericanoutdoors.com,
8993797219,Region 8 News,Damian Domanski,United States,http://www.kait8.com
5874763883,"American Football International, LLC",Wei Chen,United States,http://www.americanfootballinternational.com
8319870769,Ink Free News,Damian Domanski,United States,http://www.inkfreenews.com
2970030040,Squawka,United Kingdom,http://www.squawka.com,
8360599649,РаботникМК,Wei Chen,United States,http://www.rabotnik.com.mk
8058027821,LNGIndustry,Wei Chen,United Kingdom,http://www.lngindustry.com
3222226322,https://www.vavel.com/en-us/,Wei Chen,United States,http://www.vavel.com
16925166405,DailyFaceoff.com,Wei Chen,United States,http://www.dailyfaceoff.com
8993717014,The Market Herald,Damian Domanski,Australia,http://www.themarketherald.com.au
9651717471,Trusted Reviews,Wei Chen,United Kingdom,http://www.trustedreviews.com
8859299189,WOUB Public Media,Damian Domanski,United States,http://www.woub.org
8018050305,Distinctly Montana,Rory Hunter,United States,http://www.distinctlymontana.com
17321373000,Forever Communications,United States,http://www.forevercom.com,
3094111281,Noticia Cristiana,Rory Hunter,United States,http://www.noticiacristiana.com
16924582184,Motorcycle.com,Wei Chen,United States,http://www.motorcycle.com
5701044748,Budget Earth,United States,http://www.budgetearth.com,
8714264193,Wrestleview.com,Wei Chen,United States,http://www.wrestleview.com
9931778623,Oyungg,Wei Chen,United States,http://www.savebutonu.com
8993758765,THV11.com KTHV,United States,http://www.thv11.com,
9445920772,Wect,Damian Domanski,United States,http://www.wect.com
8488028755,DESblitz,Wei Chen,United Kingdom,http://www.desiblitz.com
8360569749,Fitness Gurls,Wei Chen,United States,http://www.fitnessgurls.com
9445920655,WMBF News,Damian Domanski,United States,http://www.wmbfnews.com
11453577910,The Nerd Stash,Rory Hunter,United States,http://www.thenerdstash.com
6972427879,Flood Communications,United States,http://www.floodcomm.com,