id,domain,feed_url
111,ruck.co.uk,https://ruck.co.uk/feed
172,072info.com,https://072info.com/feed
176,112groningen.nl,https://112groningen.nl/feed
177,1630kcjj.com,https://1630kcjj.com/feed
181,360medical.ro,https://360medical.ro/rss
184,52banglatv.com,https://52banglatv.com/feed
186,a07online.com,https://a07online.com/rss.xml
187,abcgazetesi.com,https://abcgazetesi.com/rss
189,abconlinemedia.com,https://abconlinemedia.com/feed
192,adafruit.com,https://adafruit.com/blog/feed
193,adaymag.com,https://adaymag.com/feed
194,aek1924.gr,https://aek1924.gr/feed
195,afotopoulos.gr,https://afotopoulos.gr/feed
196,afyonpostasi.com.tr,https://afyonpostasi.com.tr/rss
197,ageliesergasias.gr,https://ageliesergasias.gr/feed
198,agriconnect.com,https://agriconnect.com/feed
200,agromedia.ro,https://agromedia.ro/feed
201,ahewar.org,https://ahewar.org/rss
202,aixmi-news.gr,https://aixmi-news.gr/feed
204,akos.ba,https://akos.ba/feed
207,alarab.co.uk,https://alarab.co.uk/rss.xml
209,alfahir.hu,https://alfahir.hu/feed
216,analyticsinsight.net,https://analyticsinsight.net/feed
219,android.com.pl,https://android.com.pl/feed
224,app.com.pk,https://app.com.pk/feed
225,arabi21.com,https://arabi21.com/feed
228,arenabodrumhaber.com,http://arenabodrumhaber.com/feed
231,arydigitalnetwork.tv,https://arydigitalnetwork.tv/feed
232,arynews.tv,https://arynews.tv/feed
236,atv.hu,https://atv.hu/feed
238,augustafreepress.com,https://augustafreepress.com/feed
241,aviation-defence-universe.com,http://aviation-defence-universe.com/feed
243,awesomestuff365.com,https://awesomestuff365.com/feed
244,aydinlik.com.tr,https://aydinlik.com.tr/feed
246,backyardgardenlover.com,https://backyardgardenlover.com/feed
247,balkanrock.com,https://balkanrock.com/feed
251,banglatv.tv,https://banglatv.tv/rss
252,bankingnews.gr,https://bankingnews.gr/rss
254,bantmag.com,https://bantmag.com/feed
255,bartabazar.com,https://bartabazar.com/feed
256,basketa.gr,https://basketa.gr/feed
257,baslattusu.com,https://baslattusu.com/feed
259,batmancagdas.com,http://batmancagdas.com/rss
262,beebom.com,https://beebom.com/feed
264,benguturk.com,https://benguturk.com/rss
265,betanews.com,https://betanews.com/feed
266,bezuzyteczna.pl,https://bezuzyteczna.pl/feed
272,biplabisabyasachi.com,https://biplabisabyasachi.com/feed
273,biziday.ro,https://biziday.ro/feed
274,blacksouthernbelle.com,https://blacksouthernbelle.com/feed
278,blendernation.com,https://blendernation.com/feed
279,blife.gr,https://blife.gr/feed
282,bloko.gr,https://bloko.gr/rss.xml
284,blueprint.ng,https://blueprint.ng/feed
286,bobotoh.id,https://bobotoh.id/feed
287,boec.bg,https://boec.bg/feed
290,bollywoodbubble.com,https://bollywoodbubble.com/feed
291,bollywoodshaadis.com,https://bollywoodshaadis.com/rss
292,bombaysamachar.com,https://bombaysamachar.com/feed
296,brasov.net,https://brasov.net/feed
299,brownwoodnews.com,https://brownwoodnews.com/feed
300,budapestkornyeke.hu,https://budapestkornyeke.hu/feed
301,budgetearth.com,https://budgetearth.com/feed
307,caon.ro,https://caon.ro/feed
312,carguide.ph,https://carguide.ph/rss.xml
313,cashless.pl,https://cashless.pl/rss
316,ceknricek.com,https://ceknricek.com/feed
319,civilhetes.net,https://civilhetes.net/rss.xml
320,clare.fm,https://clare.fm/feed
325,color.rs,https://color.rs/feed
329,corren.se,https://corren.se/rss
332,cricfit.com,https://cricfit.com/feed
335,cricshots.com,https://cricshots.com/feed
336,crowdmedia.pl,https://crowdmedia.pl/feed
338,cuckooforcoupondeals.com,https://cuckooforcoupondeals.com/feed
344,dailyausaf.com,https://dailyausaf.com/feed
345,dailypost.in,https://dailypost.in/feed
346,dailypost.ng,https://dailypost.ng/feed
348,dap-news.com,https://dap-news.com/feed
350,dastaktimes.org,https://dastaktimes.org/feed
351,dcnews.ro,https://dcnews.ro/feed
353,debreceninap.hu,https://debreceninap.hu/feed
354,deccanchronicle.com,https://deccanchronicle.com/feed
357,demotywatory.pl,https://demotywatory.pl/rss
358,dengegazetesi.com.tr,https://dengegazetesi.com.tr/rss
359,descopera.ro,https://descopera.ro/feed
360,deshdoot.com,https://deshdoot.com/feed
362,detroitsportsnation.com,https://detroitsportsnation.com/feed
363,dev.to,https://dev.to/feed
364,dfordelhi.in,https://dfordelhi.in/feed
365,dhanamonline.com,https://dhanamonline.com/feed
366,diadrastika.com,https://diadrastika.com/feed
368,digi24.ro,https://digi24.ro/rss
369,digitaaldagblad.nl,https://digitaaldagblad.nl/feed
371,diken.com.tr,https://diken.com.tr/feed
372,dimarxos.gr,https://dimarxos.gr/feed
375,dirilispostasi.com,https://dirilispostasi.com/rss
377,dnevnik.rs,https://dnevnik.rs/rss.xml
379,dobrudjabg.com,https://dobrudjabg.com/rss
380,document.no,https://document.no/feed
381,dokuzeylul.com,https://dokuzeylul.com/rss
384,doolnews.com,https://doolnews.com/feed
387,dubrovnikinsider.hr,https://dubrovnikinsider.hr/feed
390,dunaszerdahelyi.sk,https://dunaszerdahelyi.sk/rss
391,dynamitenews.com,https://dynamitenews.com/feed
395,ebasket.gr,https://ebasket.gr/feed
397,economic.bg,https://economic.bg/rss.xml
398,economica.net,https://economica.net/feed
402,edupedu.ro,https://edupedu.ro/feed
404,egerhirek.hu,https://egerhirek.hu/feed
405,egmnow.com,https://egmnow.com/feed
409,ekspres.net,https://ekspres.net/rss.xml
415,emarat-news.ae,https://emarat-news.ae/feed
416,emeraldgreenmedia.com,https://emeraldgreenmedia.com/feed
418,enallaktikidrasi.com,https://enallaktikidrasi.com/feed
420,ensonhaber.com,https://ensonhaber.com/rss.xml
421,epirusnews.eu,https://epirusnews.eu/feed
422,epitesti.ro,https://epitesti.ro/feed
423,epokaere.com,https://epokaere.com/feed
427,esport1.hu,https://esport1.hu/rss
428,esportnow.pl,https://esportnow.pl/feed
430,ethnos.gr,https://ethnos.gr/rss
432,eurasiantimes.com,https://eurasiantimes.com/feed
436,extraswiecie.pl,https://extraswiecie.pl/feed
438,f1vilag.hu,https://f1vilag.hu/feed
439,face.ba,https://face.ba/feed
440,facmedicine.com,https://facmedicine.com/feed
443,fangol.pl,https://fangol.pl/rss
446,fight24.pl,https://fight24.pl/feed
447,filmcompanion.in,https://filmcompanion.in/feed
448,filmtekercs.hu,https://filmtekercs.hu/feed
450,finder.com.au,https://finder.com.au/feed
452,fiuman.hr,https://fiuman.hr/feed
453,flashnews.gr,https://flashnews.gr/feed
454,flashstars.gr,https://flashstars.gr/rss.xml
457,fly4free.pl,https://fly4free.pl/feed
459,forevercom.com,http://forevercom.com/feed
462,fox21online.com,https://fox21online.com/feed
464,fradi.hu,https://fradi.hu/rss
465,fragilemag.gr,https://fragilemag.gr/feed
466,francuskie.pl,https://francuskie.pl/feed
467,freddonews.eu,https://freddonews.eu/feed
469,freshhiphoprnb.com,https://freshhiphoprnb.com/feed
470,g4media.ro,https://g4media.ro/feed
471,gadgetmatch.com,https://gadgetmatch.com/feed
472,gadgetpilipinas.net,https://gadgetpilipinas.net/feed
473,gamedaim.com,https://gamedaim.com/feed
477,gandul.info,https://gandul.info/feed
478,gazetaexpress.com,https://gazetaexpress.com/feed
481,gds.ro,https://gds.ro/feed
483,geopolitika.news,https://geopolitika.news/feed
485,gewoonvoorhem.nl,https://gewoonvoorhem.nl/feed
487,gistreel.com,https://gistreel.com/feed
488,glamsham.com,https://glamsham.com/feed
490,glas-slavonije.hr,https://glas-slavonije.hr/rss.xml
495,goneis.info,https://goneis.info/feed
497,gospelhotspot.net,https://gospelhotspot.net/feed
498,goss.ie,https://goss.ie/feed
502,grabien.com,https://grabien.com/rss
504,grandsport.gr,https://grandsport.gr/feed
508,greatnews.ro,https://greatnews.ro/feed
511,greveniotis.gr,https://greveniotis.gr/feed
516,gundemebakis.com,https://gundemebakis.com/rss
517,gyorplusz.hu,https://gyorplusz.hu/feed
523,handball-planet.com,https://handball-planet.com/feed
524,haniotika-nea.gr,https://haniotika-nea.gr/feed
526,harmonikum.co,https://harmonikum.co/feed
528,hayat.ba,https://hayat.ba/rss
529,hcl.hr,https://hcl.hr/feed
530,healingeffect.gr,https://healingeffect.gr/feed
531,healthmag.gr,https://healthmag.gr/feed
532,hellohealthgroup.com,https://hellohealthgroup.com/feed
536,herway.net,https://herway.net/feed
537,highlandradio.com,https://highlandradio.com/feed
541,hoganstand.com,https://hoganstand.com/rss
542,homelifemedia.com,https://homelifemedia.com/feed
545,horrorsociety.com,https://horrorsociety.com/feed
546,hotnews.ro,https://hotnews.ro/feed
553,hurriyetkurumsal.com,https://hurriyetkurumsal.com/feed
554,hysteria.gr,https://hysteria.gr/feed
555,ibc24.in,https://ibc24.in/feed
557,ibtimes.co.in,https://ibtimes.co.in/rss.xml
560,ifarsala.gr,https://ifarsala.gr/feed
562,ihunt.gr,https://ihunt.gr/feed
571,indigodergisi.com,https://indigodergisi.com/feed
578,inmywordz.com,https://inmywordz.com/feed
580,insajderi.com,https://insajderi.com/feed
583,internetcorp.ro,https://internetcorp.ro/feed
584,inthebunch.co.za,https://inthebunch.co.za/feed
585,inthecage.pl,https://inthecage.pl/feed
586,ipaidia.gr,https://ipaidia.gr/feed
587,iqlikmovies.com,https://iqlikmovies.com/blog/feed
588,iradio.ie,https://iradio.ie/feed
589,iranintl.com,https://iranintl.com/feed
592,izeselet.hu,https://izeselet.hu/feed
593,izmirdesondakika.com.tr,https://izmirdesondakika.com.tr/rss
594,izmirgundemi.net,https://izmirgundemi.net/feed
600,javedch.com,https://javedch.com/feed
607,kairalinewsonline.com,https://kairalinewsonline.com/feed
610,kamudanhaber.net,https://kamudanhaber.net/rss
611,kanald.ro,https://kanald.ro/feed
612,kannadaprabha.com,https://kannadaprabha.com/feed
614,karar.com,https://karar.com/rss
616,karlovacki.hr,https://karlovacki.hr/feed
617,kasargodvartha.com,https://kasargodvartha.com/feed.xml
619,kaskus.co.id,https://kaskus.co.id/rss
620,kavalanews.gr,https://kavalanews.gr/rss.xml
625,keralatimes.com,https://keralatimes.com/feed
626,kesanpostasi.com,https://kesanpostasi.com/feed
629,khabarchhe.com,https://khabarchhe.com/rss
630,khasokhas.com,https://khasokhas.com/feed
632,kitguru.net,https://kitguru.net/feed
634,kobieta.pl,https://kobieta.pl/feed
636,koimoi.com,https://koimoi.com/feed
639,kosovarja-ks.com,https://kosovarja-ks.com/feed
640,kozanilife.gr,https://kozanilife.gr/feed
641,kpsvr.hu,https://kpsvr.hu/rss
642,kroxam.com,https://kroxam.com/feed
643,krstarica.com,https://krstarica.com/feed
647,kurir.rs,https://kurir.rs/rss
648,kvartha.com,https://kvartha.com/feed.xml
651,laoistoday.ie,https://laoistoday.ie/feed
652,larissanet.gr,https://larissanet.gr/feed
654,lawyersclubbangladesh.com,https://lawyersclubbangladesh.com/feed
655,lazca.org,https://lazca.org/rss.xml
658,leadership.ng,https://leadership.ng/feed
662,listelist.com,https://listelist.com/feed
665,log.com.tr,https://log.com.tr/feed
666,lojiport.com,https://lojiport.com/feed
670,lovedeco.ro,https://lovedeco.ro/feed
672,lubelski.pl,https://lubelski.pl/feed
674,mad.tv,https://mad.tv/feed
675,madata.gr,https://madata.gr/feed
679,malatyahabermerkezi.com,https://malatyahabermerkezi.com/rss
682,mangobaaz.com,https://mangobaaz.com/feed
686,marica.bg,https://marica.bg/rss
687,masala.tv,https://masala.tv/feed
688,mashable.com,https://mashable.com/feed
689,maszol.ro,https://maszol.ro/rss
691,maxlomedia.com,https://maxlomedia.com/feed
696,menshouse.gr,https://menshouse.gr/feed
697,merisaheli.com,https://merisaheli.com/feed
703,mirovina.hr,https://mirovina.hr/feed
705,mmm.dk,https://mmm.dk/feed
710,monstyle.nl,https://monstyle.nl/feed
720,munoulu.fi,https://munoulu.fi/feed
721,musicdaily.hu,https://musicdaily.hu/feed
722,mustsharenews.com,https://mustsharenews.com/feed
731,napidoktor.hu,https://napidoktor.hu/rss
736,nayaindia.com,https://nayaindia.com/feed
737,nenow.in,https://nenow.in/feed
741,neverstill.com,https://neverstill.com/feed
742,news24online.com,https://news24online.com/feed
743,news7tamil.live,https://news7tamil.live/feed
750,newswing.com,https://newswing.com/feed
752,nhlsuomi.com,https://nhlsuomi.com/feed
755,nieuws.nl,https://nieuws.nl/feed
756,niezalezna.pl,https://niezalezna.pl/feed
759,nogetiovnen.dk,https://nogetiovnen.dk/feed
760,noiportal.hu,https://noiportal.hu/rss
761,notjustok.com,https://notjustok.com/feed
762,nova.ie,https://nova.ie/feed
763,novavarna.net,https://novavarna.net/feed
765,nowiny.pl,https://nowiny.pl/feed
766,npress.gr,http://npress.gr/feed
770,obiectivbr.ro,https://obiectivbr.ro/rss.xml
771,objektiv.rs,https://objektiv.rs/feed
772,observatorulph.ro,https://observatorulph.ro/feed
773,odatv.com,https://odatv.com/rss
776,ogunhaber.com,https://ogunhaber.com/rss
777,oko.press,https://oko.press/feed
780,oncusehir.com,https://oncusehir.com/rss.xml
783,opindia.com,https://opindia.com/feed
785,opiniatransilvana.ro,https://opiniatransilvana.ro/feed
787,orissapost.com,https://orissapost.com/feed
790,otostil.com,https://otostil.com/feed
791,ozarkradionews.com,https://ozarkradionews.com/feed
793,padmatimes24.com,https://padmatimes24.com/feed
794,pakobserver.net,https://pakobserver.net/feed
795,pameevro.gr,https://pameevro.gr/feed
796,pamukkalehaber.com,https://pamukkalehaber.com/rss
798,paokfc.gr,https://paokfc.gr/feed
800,paratic.com,https://paratic.com/feed
804,pcmarket.com.hk,https://pcmarket.com.hk/feed
805,peepingmoon.com,https://peepingmoon.com/rss.xml
807,periskopi.com,https://periskopi.com/feed
808,petel.bg,https://petel.bg/rss
809,phoenixfm.com,https://phoenixfm.com/feed
812,pinkvilla.com,http://pinkvilla.com/rss.xml
813,planetagracza.pl,https://planetagracza.pl/feed
814,playtusu.com,https://playtusu.com/feed
815,plovdiv-online.com,https://plovdiv-online.com/feed
818,po-bandzie.com.pl,https://po-bandzie.com.pl/feed
819,podlaskie24.pl,https://podlaskie24.pl/feed
820,podtepeto.com,https://podtepeto.com/feed
822,polsatnews.pl,https://polsatnews.pl/rss
826,porten.no,https://porten.no/rss
830,prabhatkhabar.com,https://prabhatkhabar.com/feed
831,prajavani.net,https://prajavani.net/feed
832,prameyanews7.com,https://prameyanews7.com/feed
840,pudhari.news,https://pudhari.news/feed
842,puterea.ro,https://puterea.ro/feed
843,puthiyathalaimurai.com,https://puthiyathalaimurai.com/feed
846,qooah.com,https://qooah.com/feed
848,racesport.nl,https://racesport.nl/feed
849,radiolodz.pl,https://radiolodz.pl/feed
850,radioresita.ro,https://radioresita.ro/feed
851,radiosarajevo.ba,https://radiosarajevo.ba/rss
855,raialyoum.com,https://raialyoum.com/feed
856,rallypl.com,https://rallypl.com/feed
857,randersidag.dk,https://randersidag.dk/feed
859,realclearmediagroup.com,https://realclearmediagroup.com/feed
863,redclovermedia.ro,https://redclovermedia.ro/feed
867,republika.co.id,https://republika.co.id/feed
868,retromuzsika.hu,https://retromuzsika.hu/feed
876,rorosnytt.no,https://rorosnytt.no/feed
879,rri.ro,https://rri.ro/feed
882,rtvnoord.nl,https://rtvnoord.nl/rss
885,rtvsantos.com,https://rtvsantos.com/feed
886,sadecehaber.com,https://sadecehaber.com/feed
888,saglikaktuel.com,https://saglikaktuel.com/rss
891,samosvoice.gr,https://samosvoice.gr/rss.xml
893,sarajevskasehara.com,https://sarajevskasehara.com/feed
894,savingtowardabetterlife.com,https://savingtowardabetterlife.com/feed
895,saydigi.com,https://saydigi.com/feed
899,scvtv.com,https://scvtv.com/feed
900,sehirmedya.com,https://sehirmedya.com/rss
901,sentinelassam.com,https://sentinelassam.com/feed
904,siasat.com,https://siasat.com/feed
906,sify.com,https://sify.com/feed
909,sinidisi.gr,https://sinidisi.gr/feed
910,sis2sis.com,https://sis2sis.com/feed
915,smnoticias.com,https://smnoticias.com/feed
919,soapcentral.com,https://soapcentral.com/feed
920,socbg.com,https://socbg.com/feed
922,sondakika-24.com,https://sondakika-24.com/rss
923,sosialnytt.com,https://sosialnytt.com/feed
926,spaniaidag.no,https://spaniaidag.no/feed
928,sportal.bg,https://sportal.bg/rss
929,sportposzt.com,https://sportposzt.com/feed
930,sportske.net,https://sportske.net/rss
931,sportsnaut.com,https://sportsnaut.com/feed
932,sportsport.ba,https://sportsport.ba/feed
935,srbijadanas.com,https://srbijadanas.com/rss.xml
940,stellanovus.com,https://stellanovus.com/blog/feed
944,stmaximthegreek.org,https://stmaximthegreek.org/feed
947,story.rs,https://story.rs/feed
949,striveme.com,https://striveme.com/feed.xml
950,struma.bg,https://struma.bg/feed
951,studioalphen.nl,https://studioalphen.nl/rss
952,studycafe.in,https://studycafe.in/feed
957,suarasurabaya.net,https://suarasurabaya.net/feed
962,swadeshnews.in,https://swadeshnews.in/feed
963,swaggrabber.com,https://swaggrabber.com/feed
964,swidnica24.pl,https://swidnica24.pl/feed
965,swingcompleto.com,https://swingcompleto.com/feed
966,sydostran.se,https://sydostran.se/feed
968,szegeder.hu,https://szegeder.hu/rss
970,tamindir.com,https://tamindir.com/feed
973,tastelife.tv,https://tastelife.tv/feed
976,technews.tw,https://technews.tw/feed
979,techtraveleat.com,https://techtraveleat.com/feed
980,teepr.com,https://teepr.com/feed
982,teknoblog.com,https://teknoblog.com/feed
983,tele1.com.tr,https://tele1.com.tr/rss
984,telegraf.rs,https://telegraf.rs/rss
988,teleskop.hr,https://teleskop.hr/feed
989,telex.hu,https://telex.hu/rss
995,thebridge.in,https://thebridge.in/feed
997,theclemsoninsider.com,https://theclemsoninsider.com/rss
999,thehansindia.com,https://thehansindia.com/feed
1002,theinitium.com,https://theinitium.com/feed
1003,thekashmirglory.com,https://thekashmirglory.com/feed
1008,thenewsnow.co.in,https://thenewsnow.co.in/feed
1009,theoutbound.com,https://theoutbound.com/blog/feed
1010,thepinnaclelist.com,https://thepinnaclelist.com/feed
1013,thesouthfirst.com,https://thesouthfirst.com/feed
1015,thetrends.ro,https://thetrends.ro/feed
1018,thewirehindi.com,https://thewirehindi.com/feed
1019,thisdaylive.com,https://thisdaylive.com/feed
1025,tko.pl,https://tko.pl/feed
1032,trikalaidees.gr,https://trikalaidees.gr/feed
1035,truelife.gr,https://truelife.gr/feed
1036,turkiyeegitim.com,https://turkiyeegitim.com/feed
1037,turnulsfatului.ro,https://turnulsfatului.ro/feed
1040,tvmidtvest.dk,https://tvmidtvest.dk/rss
1042,tvopen.gr,https://tvopen.gr/rss
1044,tvs.pl,https://tvs.pl/feed
1046,tydzien.net.pl,https://tydzien.net.pl/feed
1049,unghiul.com,https://unghiul.com/feed
1051,uplifers.com,https://uplifers.com/feed
1053,usay.gr,https://usay.gr/feed
1054,valioliiga.com,https://valioliiga.com/feed
1057,vi.nl,https://vi.nl/rss
1059,viataverdeviu.ro,https://viataverdeviu.ro/feed
1060,videoluyemek.com,https://videoluyemek.com/rss
1063,vipmagazine.ie,https://vipmagazine.ie/feed
1068,voetbalprimeur.nl,https://voetbalprimeur.nl/rss
1071,wadowice24.pl,https://wadowice24.pl/feed
1079,widzewtomy.net,https://widzewtomy.net/feed
1080,wielerflits.nl,https://wielerflits.nl/feed
1082,wishtv.com,https://wishtv.com/feed
1087,worldbusinessoutlook.com,https://worldbusinessoutlook.com/feed
1089,wrc.net.pl,https://wrc.net.pl/feed
1090,xronos.gr,https://xronos.gr/rss.xml
1091,xrysoskoufaki.gr,https://xrysoskoufaki.gr/feed
1098,youfly.com,https://youfly.com/feed
1100,zagorje-international.hr,https://zagorje-international.hr/feed
1101,zajecaronline.com,https://zajecaronline.com/feed
1102,zcj.ro,https://zcj.ro/feed
1103,zelfmaak-ideetjes.nl,https://zelfmaak-ideetjes.nl/feed
1105,ziaruldeiasi.ro,https://ziaruldeiasi.ro/rss
1106,ziuaveche.ro,https://ziuaveche.ro/feed
1108,zovnews.com,https://zovnews.com/feed
1109,zrenjaninski.com,https://zrenjaninski.com/feed
