company_name,domain,rss_feed,country
Telefónica,telefonica.com,,Spain
Vie de Merde,viedemerde.fr,,France
Fãs da Psicanálise,fasdapsicanalise.com.br,,Brazil
Avvenire,avvenire.it,,Italy
FirstClasse Malaysia,firstclasse.com.my,,Malaysia
Très Click,tres-click.com,,Germany
Sermitsiaq.AG,sermitsiaq.ag,,Greenland
Contrepoints,contrepoints.org,,France
Forbes Brasil,forbes.com.br,,Brazil
Rede Novo Tempo de Comunicação,novotempo.com,,Brazil
J. Esslinger GmbH & Co. KG,pz-news.de,,Germany
Jornal A Voz da Serra,avozdaserra.com.br,,Brazil
CHEK News,cheknews.ca,,Canada
Ведомости,vedomosti.ru,,Russia
Psicologias do Brasil,psicologiasdobrasil.com.br,,Brazil
El Mundo,elmundo.sv,,El Salvador
The European,theeuropean.de,,Germany
Tahiti Nui Television,tntv.pf,,French Polynesia
Vogue Thailand,vogue.co.th,,Thailand
Showmetech,showmetech.com.br,,Brazil
Internazionale,internazionale.it,,Italy
Denník N,dennikn.sk,,Slovakia
CANA Online,canaonline.com.br,,Brazil
AzerNews,azernews.az,,Azerbaijan
Pátio Hype,patiohype.com.br,,Brazil
Seneweb.com,seneweb.com,,Senegal
Olomoucká Drbna,olomouckadrbna.cz,,Czech Republic
Razões Para Acreditar,razoesparaacreditar.com,,Brazil
A Televisão,atelevisao.com,,Portugal
Metrópoles,metropoles.com,,Brazil
Folha de Boa Vista,folhabv.com.br,,Brazil
DWDL.de GmbH,dwdl.de,,Germany
Economīa Digital,economiadigital.es,,Spain
BlogNews.am,blognews.am,,Armenia
Idee Ricette,ideericette.it,,Italy
Báo Thanh Niên,thanhnien.vn,,Vietnam
Conexão Planeta,conexaoplaneta.com.br,,Brazil
The Sun Media Corporation,thesundaily.my,,Malaysia
Esquerda Net,esquerda.net,,Portugal
Naiz:,naiz.eus,,Spain
handball-world.news,handball-world.news,,Germany
Diário Dos Campos,dcmais.com.br,,Brazil
l'Opinion,lopinion.fr,,France
Beer Art,revistabeerart.com,,Brazil
Revista Fórum,revistaforum.com.br,,Brazil
SneakersBR,sneakersbr.co,,Brazil
Editora Panamá América,panamaamerica.com.pa,,Panama
Jersey Evening Post,jerseyeveningpost.com,,Jersey
The Phuket News,thephuketnews.com,,Thailand
TPI.it,tpi.it,,Italy
CUT Brasil,cut.org.br,,Brazil
Diario de Cuyo,diariodecuyo.com.ar,,Argentina
La Voz de Cataratas,lavozdecataratas.com,,Argentina
Quotenmeter GmbH,quotenmeter.de,,Germany
France Soir,francesoir.fr,,France
Tamedia Publikationen Deutschweiz AG,tages-anzeiger.ch,,Switzerland
Informe Blumenau,informeblumenau.com,,Brazil
ReceptyOnLine.cz,receptyonline.cz,,Czech Republic
Day.az,day.az,,Azerbaijan
O Pantaneiro,opantaneiro.com.br,,Brazil
Curta Mais,curtamais.com.br,,Brazil
Gazeta Online,gazetaonline.com.br,,Brazil
Estrategia y Negocios,estrategiaynegocios.net,,El Salvador
CyprusNews.eu,cyprusnews.eu,,Cyprus
Blog do Caminhoneiro,blogdocaminhoneiro.com,,Brazil
Engenharia é:,engenhariae.com.br,,Brazil
Nuestro Diario,nuestrodiario.com,,Guatemala
Grafschafter Nachrichten GmbH & Co. KG,gn-online.de,,Germany
The Peak,thepeak.com.my,,Malaysia
Dourados Agora,douradosagora.com.br,,Brazil
Portal Administradores,administradores.com.br,,Brazil
Santé+ Magazine,santeplusmag.com,,Morocco
Diario de Colima,diariodecolima.com,,Mexico
Vogue Ukraine,vogue.ua,,Ukraine
NEVEITALIA,neveitalia.it,,Italy
Canarias 7 (Infocarsa),canarias7.es,,Spain
Graphic Communications,graphic.com.gh,,Ghana
"Pandos, UAB",boredpanda.com,,Lithuania
Agi,agi.it,,Italy
Freim,freim.tv,,Mexico
Diario Democracia,diariodemocracia.com,,Argentina
HD Blog,hdblog.it,,Italy
Marvin,marvin.com.mx,,Mexico
Ravenna WebTv,ravennawebtv.it,,Italy
L'Eco di Bergamo,ecodibergamo.it,,Italy
Leak,leak.pt,,Portugal
KALTBLUT,kaltblut-magazine.com,,Germany
domradio.de,domradio.de,,Germany
Regionalmedien Austria,regionalmedien.at,,Austria
Diario Judio,diariojudio.com,,Mexico
Tom's Hardware Italy,tomshw.it,,Italy
Calciodonne,calciodonne.it,,Italy
Queer Communications GmbH,queer.de,,Germany
CoxinhaNerd,coxinhanerd.com.br,,Brazil
Ambito Financiero,ambito.com,,Argentina
Balarm,balarm.it,,Italy
Albinfo.ch,albinfo.ch,,Switzerland
Aostasera,aostasera.it,,Italy
Arena Pública,arenapublica.com,,Mexico
Doctor Adrian Cormillot,doctoradriancormillot.com,,Cuba
Wiener Zeitung,wienerzeitung.at,,Austria
L'Officiel Ukraine,officiel-online.com,,Ukraine
Echte Mamas GmbH,echtemamas.de,,Germany
Du bist Halle / Saale,dubisthalle.de,,Germany
newfacts.eu,new-facts.eu,,Germany
GCiencia,gciencia.com,,Spain
El Economista [AR],eleconomista.com.ar,,Argentina
Jornal das Caldas,jornaldascaldas.com,,Portugal
Mladina,mladina.si,,Slovenia
MBNews,mbnews.it,,Italy
Reutlinger General-Anzeiger Verlags-GmbH & Co. KG,gea.de,,Germany
Canariasenmoto.com,canariasenmoto.com,,Spain
Siempre!,siempre.mx,,Mexico
Diari de Tarragona,diaridetarragona.com,,Spain
Mexico News Daily,mexiconewsdaily.com,,Mexico
Radio Gold,radiogold.it,,Italy
T21 Grupo Comunicación y Medios,t21.com.mx,,Mexico
TV2000,tv2000.it,,Italy
Fumettologica,fumettologica.it,,Italy
Novo Jornal,novojornal.co.ao,,Angola
Lucia Se Casa,luciasecasa.com,,Spain
Decoración 2.0,decoracion2.com,,Spain
Tribuna,tribuna.com.mx,,Mexico
Cronache Maceratesi,cronachemaceratesi.it,,Italy
Deutschlandfunk,deutschlandfunk.de,,Germany
SoloLibri,sololibri.net,,Italy
Inspiring Life,inspiringlife.pt,,Portugal
Screenweek,screenweek.it,,Italy
Hipertextual,hipertextual.com,,Spain
SardiniaPost,sardiniapost.it,,Italy
Radar Tecate,radartecatenews.com,,Mexico
Tribuna de Valladolid,tribunavalladolid.com,,Spain
Referente,referente.mx,,Mexico
El Nortero,elnortero.cl,,Chile
designboom,designboom.com,,Italy
salto.bz,salto.bz,,Italy
MaisTecnologia,maistecnologia.com,,Portugal
AF Medios,afmedios.com,,Mexico
La Tecnica della Scuola,tecnicadellascuola.it,,Italy
Pambianconews,pambianconews.com,,Italy
El Hombre,elhombre.com.br,,Brazil
Gli Stati Generali,glistatigenerali.com,,Italy
Anicaflash,comingsoon.it,,Italy
Bikeitalia.it,bikeitalia.it,,Italy
Shifter,shifter.pt,,Portugal
Noxvo,noxvo.com,,Spain
Melhores Destinos,melhoresdestinos.com.br,,Brazil
Spoiler Time,spoilertime.com,,Mexico
La Gazzetta del Mezzogiorno,lagazzettadelmezzogiorno.it,,Italy
Greenreport.it,greenreport.it,,Italy
MoreCore.de,morecore.de,,Germany
Unzensuriert,unzensuriert.at,,Austria
MVM Noticias,mvmnoticias.com,,Mexico
Lideres Mexicanos,lideresmexicanos.com,,Mexico
TourMaG.com,tourmag.com,,France
Dnevnik.si,dnevnik.si,,Slovenia
WESTFALEN-BLATT Vereinigte Zeitungsverlage GmbH & Co. KG,westfalen-blatt.de,,Germany
Art Limited,artlimited.net,,France
A Rádio Rock,radiorock.com.br,,Brazil
Mindener Tageblatt,mt.de,,Germany
La Nueva Mañana,lmdiario.com.ar,,Argentina
Betterdays,betterdays.it,,Italy
Valeurs Actuelles,valeursactuelles.com,,France
Georgia Today,georgiatoday.ge,,Georgia
TuttOggi,tuttoggi.info,,Italy
Air & Cosmos,air-cosmos.com,,France
BRUZZ,bruzz.be,,Belgium
Finestre sull'Arte,finestresullarte.info,,Italy
LBCI,lbcgroup.tv,,Lebanon
Reporter Gourmet,reportergourmet.com,,Italy
Zinfos974,zinfos974.com,,France
Grupo ADSLZone [RedesZone],adslzone.net,,Spain
Editorial El Vigía,elvigia.net,,Mexico
Economie Matin,economiematin.fr,,France
Libertà,liberta.it,,Italy
Planet.fr,planet.fr,,France
Dobre Noviny,dobrenoviny.sk,,Slovakia
Revista Petroquimica,revistapetroquimica.com,,Argentina
Karrierebibel,karrierebibel.de,,Germany
Al Quds Newspaper,alquds.co.uk,,Palestine
El Watan,elwatannews.com,,Egypt
JobCulture.fr,jobculture.fr,,France
VentureSquare,venturesquare.net,,South Korea
All About  （オールアバウト）,allabout.co.jp,,Japan
Iraqi News,iraqinews.com,,Iraq
Eunews.it,eunews.it,,Italy
Girona Notícies,gironanoticies.com,,Spain
BergamoNews,bergamonews.it,,Italy
Trend Hunter,trendhunter.com,,Canada
Corse Net Infos,corsenetinfos.corsica,,France
Le Quotidien du Tourisme,quotidiendutourisme.com,,France
Bangkok Post,bangkokpost.com,,Thailand
Presse Augsburg,presse-augsburg.de,,Germany
La Dépêche de Tahiti,actu.fr,,France
CB News,cbnews.fr,,France
Récréatiloups,recreatiloups.com,,France
Vita,vita.it,,Italy
Titel Media GmbH,highsnobiety.com,,Germany
Grande Consumo,grandeconsumo.com,,Portugal
The Daily Express Online,dailyexpress.com.my,,Malaysia
Truck Stop Québec,truckstopquebec.com,,Canada
So Foot,sofoot.com,,France
The Korea Economic Daily,hankyung.com,,South Korea
TUNISIE.co,tunisie.co,,Tunisia
iDNES,idnes.cz,,Czech Republic
Digital Journal,digitaljournal.com,,Canada
La Nueva,lanueva.com,,Argentina
El Informador,informador.mx,,Mexico
OE24,oe24.at,,Austria
La Opinión de Colombia,laopinion.com.co,,Colombia
Gulf Times,gulf-times.com,,Qatar
Echo24.cz,echo24.cz,,Czech Republic
Sport5,sport5.co.il,,Israel
Ahdath,ahdath.info,,Morocco
RavennaeDintorni.it,ravennaedintorni.it,,Italy
CINRA.NET,cinra.net,,Japan
Newsrimini Gruppo Icaro,newsrimini.it,,Italy
Tunisie-Tribune,tunisie-tribune.com,,Tunisia
Dire,dire.it,,Italy
3DNews,3dnews.ru,,Russia
The Scientist (LabX),the-scientist.com,,Canada
UNIAN.info,unian.info,,Ukraine
Panorapost.com,panorapost.com,,Morocco
NUVO magazine,nuvomagazine.com,,Canada
setaliste.com.mk,setaliste.com.mk,,Macedonia
جريدة المنتخب,almountakhab.com,,Morocco
Metrolibre,metrolibre.com,,Panama
La Voz de Misiones,lavozdemisiones.com,,Argentina
La Voce,giornalelavoce.it,,Italy
Investing.com,investing.com,,Israel
Teltarif,teltarif.de,,Germany
Vila Web,vilaweb.cat,,Spain
Al Mayadeen,almayadeen.net,,Lebanon
Thunder Bay News Watch,tbnewswatch.com,,Canada
Anime News Network,animenewsnetwork.com,,Canada
Verlag 8. Mai - Junge Welt,jungewelt.de,,Germany
Basket Europe,basketeurope.com,,France
Borderline24,borderline24.com,,Italy
Droit Inc.,droit-inc.com,,Canada
Omelete Company,omelete.com.br,,Brazil
Travel-Dealz.de,travel-dealz.de,,Germany
Новини Вінниці на 20хвилин,20minut.ua,,Ukraine
iNFOnews,infotel.ca,,Canada
Al3omk,al3omk.com,,Morocco
Depo,depo.ua,,Ukraine
Deia,deia.eus,,Spain
Esquire Russia,esquire.ru,,Russia
Motorsport-Total.com,motorsport-total.com,,Germany
Geenius Meedia OÜ,geenius.ee,,Estonia
Moldova Ortodoxă,ortodox.md,,Moldova
Quotidiano di Sicilia,qds.it,,Italy
Orizzontescuola.it,orizzontescuola.it,,Italy
Emergency Medicine Cases,emergencymedicinecases.com,,Canada
Unsertirol24,unsertirol24.com,,Italy
Almaghreb 24,almaghreb24.com,,Morocco
FC Inter News,fcinternews.it,,Italy
Ada Derana,adaderana.lk,,Sri Lanka
Stereo Romance,stereo-romance.com,,Nicaragua
Abilways,abilways.pt,,Portugal
Ounousa,ounousa.com,,Lebanon
Badische Zeitung,badische-zeitung.de,,Germany
The Moscow Times,themoscowtimes.com,,Russia
Titan Channel,titanchannel.com,,Spain
Siècle Digital,siecledigital.fr,,France
Aarthik Abhiyan National Daily,abhiyandaily.com,,Nepal
CONTI Outra,contioutra.com,,Brazil
Blue Entertainment AG,bluewin.ch,,Switzerland
ZMINA,zmina.info,,Ukraine
Motorsport-Magazin.com GmbH,motorsport-magazin.com,,Austria
مجلة الجميلة,aljamila.com,,Saudi Arabia
We can end abortion,lifesitenews.com,,Canada
604 Now,604now.com,,Canada
Alayam24,alayam24.com,,Morocco
The Chronicle-Journal,chroniclejournal.com,,Canada
Il Giornale,ilgiornale.it,,Italy
New-Educ.com,new-educ.com,,Canada
Juno7,juno7.ht,,Haiti
informburo.kz,informburo.kz,,Kazakhstan
Falstaff Verlagsgesellschaft,falstaff.at,,Austria
Recetas de rechupete,recetasderechupete.com,,Spain
Yawmiyati,yawmiyati.com,,Lebanon
Il Giornale di Vicenza,ilgiornaledivicenza.it,,Italy
TOP recepty,toprecepty.cz,,Czech Republic
Khaama Press,khaama.com,,Afghanistan
Anna Recetas Fáciles,annarecetasfaciles.com,,Spain
United with Israel,unitedwithisrael.org,,Israel
Nurse Times,nursetimes.org,,Italy
Deca.mk,deca.mk,,Macedonia
Concorsi Pubblici,concorsipubblici.net,,Italy
mimikama – Verein zur Aufklärung über Internetmissbrauch,mimikama.at,,Austria
Hay.tv - Hội Mê Phim Hàn,tinmoi.vn,,Vietnam
Teleuniverso,teleuniverso.it,,Italy
Informa +,informamais.pt,,Portugal
ATNews.it,atnews.it,,Italy
ActuCameroun,actucameroun.com,,Cameroon
جولولي,gololy.com,,Egypt
MTV Lebanon,mtv.com.lb,,Lebanon
armtimes.com,armtimes.com,,Armenia
Filo News,filo.news,,Argentina
"Radio 100,7",100komma7.lu,,Luxembourg
Maroc Diplomatique,maroc-diplomatique.net,,Morocco
O Antagonista,oantagonista.com,,Brazil
Goslarsche Zeitung,goslarsche.de,,Germany
Startitup,startitup.sk,,Slovakia
الترا تونس,ultrasawt.com,,Tunisia
ChrisD.ca,chrisd.ca,,Canada
Hispan TV,hispantv.com,,Iran
I Love Qatar,iloveqatar.net,,Qatar
CriptoFácil,criptofacil.com,,Brazil
Neozone,neozone.org,,France
Multimedios CR,multimedios.cr,,Costa Rica
Flensborg Avis,flensborg-avis.de,,Germany
Periódico El Día,eldia.com.do,,Dominican Republic
Ac24Horas,ac24horas.com,,Brazil
Zamane,zamane.ma,,Morocco
Турпром - туристический портал,tourprom.ru,,Russia
Anime United,animeunited.com.br,,Brazil
gazeta.ru,gazeta.ru,,Russia
Olhar Animal,olharanimal.org,,Brazil
Loupak.cz,loupak.fun,,Slovakia
Calcio e Finanza,calcioefinanza.it,,Italy
Seriando BR,temalguemassistindo.com.br,,Brazil
Rádio Tapejara 101.5 FM,radiotapejara.com.br,,Brazil
Il Giornale Della Protezione Civile,ilgiornaledellaprotezionecivile.it,,Italy
The Olive Press,theolivepress.es,,Spain
Zeitungsverlag Krause,tageblatt.de,,Germany
La Nouvelle Tribune,lnt.ma,,Morocco
A Journal of Musical Things,ajournalofmusicalthings.com,,Canada
Rádio Renascença Multimédia Group,rr.sapo.pt,,Portugal
Jornal Noroeste,jornalnoroeste.com.br,,Brazil
Il Dispari Quotidiano,ildispariquotidiano.it,,Italy
El Colombiano,elcolombiano.com.co,,Colombia
Dikgang Publishing Company,mmegi.bw,,Botswana
LesEcos.ma,leseco.ma,,Morocco
Argumenty i Fakty,aif.ru,,Russia
Lebanon 24,lebanon24.com,,Lebanon
Gazeta de Votorantim,gazetadevotorantim.com.br,,Brazil
Iacchite',iacchite.blog,,Italy
صحيفة الجمهورية,aljoumhouria.com,,Lebanon
Geração FM,radiogeracao.com.br,,Brazil
Tyzden,tyzden.sk,,Slovakia
Senenews.com,senenews.com,,Senegal
BOXROX,boxrox.com,,Germany
Presse-citron,presse-citron.net,,France
Zona Media,zona.media,,Russia
Real Python,realpython.com,,Canada
Food and Pleasure,foodandpleasure.com,,Mexico
FmGente,fmgente.com.uy,,Uruguay
Cawalisse Alyoume,cawalisse.com,,Morocco
Article19.ma,article19.ma,,Morocco
Jornal + Bragança,jornalmaisbraganca.com.br,,Brazil
المنتصف,almontsf.com,,Jordan
La Ley,laley.pe,,Peru
Tunisie Numérique,tunisienumerique.com,,Tunisia
Ecomento,ecomento.de,,Germany
وكالة رم للانباء,rumonline.net,,Jordan
DidiDonna,dididonna.it,,Italy
Portal Raízes,portalraizes.com,,Brazil
Aviation24.be,aviation24.be,,Belgium
Zeitungsverlag GmbH & Co Waiblingen KG,zvw.de,,Germany
Le Mauricien Ltd,lemauricien.com,,Mauritius
Alternatives Economiques,alternatives-economiques.fr,,France
Rock Hard Verlags- und Handels- GmbH,rockhard.de,,Germany
RK Cross Media GmbH,rk-cross.de,,Germany
VTV,vtv.vn,,Vietnam
LT9,lt9.com.ar,,Argentina
RBC Russia,rbc.ru,,Russia
Politis Cyprus,politis.com.cy,,Cyprus
Guimapress,guimaraesdigital.pt,,Portugal
الشروق,alchourouk.com,,Tunisia
Cinéfilos,cinefilosoficial.com,,Argentina
Giornale di Brescia,giornaledibrescia.it,,Italy
IGN Entertainment,ign.com,,Brazil
Primicias,primicias.ec,,Ecuador
DZfoot,dzfoot.com,,Algeria
Portal Bem Paraná,bemparana.com.br,,Brazil
Rheinland-Pfälzische Rundfunk GmbH & Co. KG,rpr1.de,,Germany
Grupo Megamedia - Mexico,megamedia.com.mx,,Mexico
InvestireOggi,investireoggi.it,,Italy
Ecran Large,ecranlarge.com,,France
365 Info,365info.kz,,Kazakhstan
La Diaria S.A.,ladiaria.com.uy,,Uruguay
NovaraToday,novaratoday.it,,Italy
Aire Digital,airedesantafe.com.ar,,Argentina
Roomble,roomble.com,,Russia
1000things GmbH,1000things.at,,Austria
Noticias ao Minuto,noticiasaominuto.com,,Portugal
Canadian Running Magazine,runningmagazine.ca,,Canada
4B Mediengesellschaft mbH,lokalo.de,,Germany
Exclaim!,exclaim.ca,,Canada
Newsmaker,newsmaker.md,,Moldova
Tua Saúde,tuasaude.com,,Brazil
Samoa Observer,samoaobserver.ws,,Samoa
Public Sénat,publicsenat.fr,,France
SECTOR.sk,sector.sk,,Slovakia
L'Œil de la Photographie,loeildelaphotographie.com,,France
Vinetur,vinetur.com,,Spain
MAMUL.am,mamul.am,,Armenia
Victoria Buzz,victoriabuzz.com,,Canada
New Era Publication,neweralive.na,,Namibia
Parole de Mamans,paroledemamans.com,,France
CNN Chile,cnnchile.com,,Chile
El Búho,elbuho.pe,,Peru
The Fiji Times,fijitimes.com,,Fiji
24 Horas,24-horas.mx,,Mexico
Poupa e Ganha,poupaeganha.pt,,Portugal
Yabiladi.com,yabiladi.com,,Morocco
StudentLife Ltd,studentlife.com.cy,,Cyprus
EVECT,envertetcontretous.fr,,France
Schweizer Bauer,schweizerbauer.ch,,Switzerland
Maribor24.si,maribor24.si,,Slovenia
Dynamique Entrepreneuriale,dynamique-mag.com,,France
Tech Princess,techprincess.it,,Italy
Radio Lombardia,radiolombardia.it,,Italy
WindowsArea,windowsarea.de,,Austria
Macity,macitynet.it,,Italy
Revista Emprendedores,emprendedores.es,,Spain
Achgut Media GmbH,achgut.com,,Germany
agrarheute,agrarheute.com,,Germany
Noticias SIN,noticiassin.com,,Dominican Republic
Revista Who,revistawho.com,,Albania
Elnashra,elnashra.com,,Lebanon
Il Libraio,illibraio.it,,Italy
Trinidad Express Newspapers,trinidadexpress.com,,Trinidad and Tobago
Такие Дела,takiedela.ru,,Russia
Fundación InfoCatólica,infocatolica.com,,Spain
Agoravox,agoravox.fr,,France
Digitrend.it,digitrend.it,,Italy
Platfor,platfor.ma,,Ukraine
Post-Courier PNG,postcourier.com.pg,,Papua New Guinea
Cultura Inquieta,culturainquieta.com,,Spain
Side-Line Magazine,side-line.com,,Belgium
Central de Noticias Madariaga,centraldenoticiasmadariaga.com,,Argentina
Imaz Press Réunion,ipreunion.com,,France
البوابة,albawaba.com,,Jordan
Perqasje,perqasje.com,,Albania
Hallo Minden,hallo-minden.de,,Germany
Tribuna de Salamanca,tribunasalamanca.com,,Spain
OMVS,omvs.org,,Senegal
Visor Notícias,visornoticias.com.br,,Brazil
Andalucía Información,andaluciainformacion.es,,Spain
QuiCosenza.it,quicosenza.it,,Italy
Horizont,horizont.at,,Austria
Canal 4,canal4.com.uy,,Uruguay
ADN SUR,adnsur.com.ar,,Argentina
Jornal Voz Ativa,jornalvozativa.com,,Brazil
Expres.cz,expres.cz,,Czech Republic
Así como suena,asicomosuena.mx,,Mexico
Parlamento y Debate,parlamentoydebate.com,,Mexico
l'Officiel Brasil,revistalofficiel.com.br,,Brazil
Dexam Sabi Cabo Verde,dexamsabi.com,,Cape Verde
Turista Profissional,turistaprofissional.com,,Brazil
Santaportal,santaportal.com.br,,Brazil
Sistema Jornal do Commercio de Comunicação,ne10.com.br,,Brazil
Notícia Hoje,noticiahoje.net,,Brazil
Storeys,storeys.com,,Canada
O Atleta,oatleta.pt,,Portugal
FL Markets,flm.ma,,Morocco
Ok Mugello,okmugello.it,,Italy
DeFato,defatoonline.com.br,,Brazil
CCN TV6: Trinidad and Tobago,tv6tnt.com,,Trinidad and Tobago
روزنامه اطلاعات روز,etilaatroz.com,,Afghanistan
Bafafá On Line,bafafa.com.br,,Brazil
SRzd,srzd.com,,Brazil
Diário Online,diarioonline.com.br,,Brazil
LZ Medien GmbH,l-iz.de,,Germany
Parents Magazine,parentsafrica.com,,Kenya
La Nueva Crónica,lanuevacronica.com,,Spain
Mercado Negro Publicidad & Marketing - Perú,mercadonegro.pe,,Peru
Made in Marseille,madeinmarseille.net,,France
La Tribuna Chile,latribuna.cl,,Chile
Kurzy.cz,kurzy.cz,,Czech Republic
Newsweek Japan,newsweekjapan.jp,,Japan
Bhaz,bhaz.com.br,,Brazil
MédioTejo.net,mediotejo.net,,Portugal
Metropolitano.it,metropolitano.it,,Italy
Bloomberg Línea,bloomberglinea.com,,Panama
All Media Eesti,tv3.ee,,Estonia
Astral Cultural,astralcultural.com.br,,Brazil
Zona Militar,zona-militar.com,,Argentina
Folha de Londrina,folhadelondrina.com.br,,Brazil
iLeon,ileon.com,,Spain
L'AntiDiplomatico,lantidiplomatico.it,,Italy
Revista Superluchas,superluchas.com,,Mexico
El Diario AR,eldiarioar.com,,Argentina
Radio Charivari,charivari.de,,Germany
Basketinside.com,basketinside.com,,Italy
Calcio a 5 Live,calcioa5live.com,,Italy
Seznam Zprávy,seznamzpravy.cz,,Czech Republic
QualEnergia.it,qualenergia.it,,Italy
Moneycab,moneycab.com,,Switzerland
Nós Diario,nosdiario.gal,,Spain
NetNewsledger,netnewsledger.com,,Canada
Marsactu,marsactu.fr,,France
Forbes France,forbes.fr,,France
Asian Mirror,asianmirror.lk,,Sri Lanka
Il Mitte | Quotidiano di Berlino per italofoni,ilmitte.com,,Germany
Telma,telma.com.mk,,Macedonia
VOS TV,vostv.com.ni,,Nicaragua
Bailiwick Express,bailiwickexpress.com,,Jersey
Forklog,forklog.com,,Russia
"Instant Weather, Inc.",instantweather.ca,,Canada
Biancorossi.net,biancorossi.net,,Italy
nss magazine,nssmag.com,,Italy
Syngeta Group,syngentagroup.com,,Switzerland
Slobodna Makedonija,slobodna.tv,,Macedonia
Melty,melty.fr,,France
ash.net,ashdodnet.com,,Israel
ANO Digital Platforms,diplatforms.ru,,Russia
BIRN,birn.eu.com,,Albania
Konkurent.ua,konkurent.ua,,Ukraine
Mergui Archipelago Biodiversity Research,projectmanaia.at,,Italy
GMK Center,gmk.center,,Ukraine
IsraelHayom.com,israelhayom.com,,Israel
Lyon Mag,lyonmag.com,,France
Kyodo News,kyodonews.net,,Japan
Data24,data24.com.ar,,Argentina
Summa Media Group,revistasumma.com,,Costa Rica
Raseef22,raseef22.net,,Egypt
Gemeinschaftswerks der Evangelischen Publizistik (GEP),evangelisch.de,,Germany
DARPAN PUBLICATION,darpanmagazine.com,,Canada
Notícias Agrícolas,noticiasagricolas.com.br,,Brazil
Telinco,telinco.be,,Belgium
Corriere d'Italia,corriereditalia.de,,Germany
REAL TOTAL,realtotal.de,,Germany
North Shore News,nsnews.com,,Canada
Adindex (A.A.I),adindex.ru,,Russia
NationNews,nationnews.com,,Barbados
Pressenza,pressenza.com,,Ecuador
VISIONS Verlag GmbH,visions.de,,Germany
Muskoka411,muskoka411.com,,Canada
Argaam Plus,argaam.com,,Egypt
Revista Selecciones México,selecciones.com.mx,,Mexico
L'ardeur,ardeur.net,,France
Siyassi,siyassi.com,,Morocco
"NEWSPIM CO., LTD",newspim.com,,South Korea
Voetbal Nieuws,voetbalnieuws.be,,Belgium
Balkan Media Group,balkanmediagroup.com,,Macedonia
La Marseillaise,lamarseillaise.fr,,France
Innopolis Media,hightech.fm,,Russia
IPN,ipn.md,,Moldova
Albilad press,albiladpress.com,,Bahrain
BraveWords,bravewords.com,,Canada
DBO,portaldbo.com.br,,Brazil
New Noise Magazine,newnoisemagazine.com,,Canada
Korrespondent.net,korrespondent.net,,Ukraine
PacificSport VI,pacificsportvi.com,,Canada
Maritima Medias,maritima.info,,France
Moja leta,mojaleta.si,,Slovenia
VBTC,vbtc.vu,,Vanuatu
e-gazette,e-gazette.it,,Italy
VisionGuinee,visionguinee.info,,Guinea
Revista P&M,revistapym.com.co,,Colombia
Radio i Televizija Nikšić,rtnk.me,,Montenegro
Biz of Re,bizofre.com,,Malaysia
SMARTmania,smartmania.cz,,Czech Republic
Zing Gadget,zinggadget.com,,Malaysia
Brasil de Fato,brasildefato.com.br,,Brazil
Ethic,ethic.es,,Spain
IVG.it,ivg.it,,Italy
SPP Media,sppmedia.com,,Cyprus
Senken Shimbun,senken.co.jp,,Japan
ESPN Colombia,espn.com.co,,Colombia
LiveSoccerTV.com,livesoccertv.com,,Ghana
reisetopia,reisetopia.de,,Germany
The Suburban,thesuburban.com,,Canada
Homify Germany,homify.de,,Germany
True North,tnc.news,,Canada
Umbria24,umbria24.it,,Italy
Morocco World News,moroccoworldnews.com,,Morocco
Deutschlandradio,deutschlandradio.de,,Germany
Tribuna do Norte,tribunadonorte.com.br,,Brazil
MK Media,mkmedia.it,,Italy
AG Médias,franceantilles.fr,,France
Benesse Group,benesse.co.jp,,Japan
Janoubia News,janoubia.com,,Lebanon
Philosophie Magazine,philomag.com,,France
النهضة نيوز,alnahdanews.com,,Lebanon
El Doce TV,eldoce.tv,,Argentina
Lippische Landes-Zeitung,lz.de,,Germany
Kpopmap,kpopmap.com,,South Korea
Bom Dia,bomdia.eu,,Portugal
Gulf Insider Media,gulf-insider.com,,Bahrain
LifeGate,lifegate.it,,Italy
La Voz de Almería,lavozdealmeria.com,,Spain
Partido dos Trabalhadores,pt.org.br,,Brazil
La Politica Online,lapoliticaonline.com,,Argentina
Glam Lelaki,glamlelaki.my,,Malaysia
Alouette Radio,alouette.fr,,France
The Maple Ridge-Pitt Meadows News,mapleridgenews.com,,Canada
EIX Diari,eixdiari.cat,,Spain
RINGtv,ringtv.be,,Belgium
Fatos Desconhecidos,fatosdesconhecidos.com.br,,Brazil
Мой Ребенок,moirebenok.ua,,Russia
Infonet,infonet.com.br,,Brazil
Société d’Édition Publique,acteurspublics.fr,,France
News First,newsfirst.lk,,Sri Lanka
Kenyans.co.ke,kenyans.co.ke,,Kenya
edusanjal.com,edusanjal.com,,Nepal
Tichys Einblick,tichyseinblick.de,,Germany
TA3,ta3.com,,Slovakia
López-Dóriga Digita,lopezdoriga.com,,Mexico
صدى البلد,elbalad.news,,Egypt
La Gaceta de Salamanca,lagacetadesalamanca.es,,Spain
CDN,cdn.com.do,,Dominican Republic
Ingeoexpert,ingeoexpert.com,,Spain
Minuto Uno,minutouno.com,,Argentina
Tarragona Digital,tarragonadigital.com,,Spain
La langue française,lalanguefrancaise.com,,France
La Voz de Asturias,lavozdeasturias.es,,Spain
Los Tiempos,lostiempos.com,,Bolivia
Startup.info,startup.info,,France
La Cerca,lacerca.com,,Spain
Delfino Medios Limitada,delfino.cr,,Costa Rica
Píldoras de Fe,pildorasdefe.net,,Venezuela
Zoznam,zoznam.sk,,Slovakia
Mundo Ejecutivo,mundoejecutivo.com.mx,,Mexico
Dénia,denia.com,,Spain
Energías Renovables,energias-renovables.com,,Spain
iCarAsia.com,icarasia.com,,Malaysia
Grupo JM de Comunicação,jmonline.com.br,,Brazil
Urgente24,urgente24.com,,Spain
Madrid Secreto,madridsecreto.co,,Spain
Lanza Digital,lanzadigital.com,,Spain
The Happening,thehappening.com,,Mexico
AM Prensa,amprensa.com,,Costa Rica
fudder.de,fudder.de,,Germany
Sindelfinger/Böblinger Zeitung,szbz.de,,Germany
Speedweek,speedweek.com,,Switzerland
Cicero,cicero.de,,Germany
OBOZREVATEL,obozrevatel.com,,Ukraine
Al-Rai,alrai.com,,Kuwait
Nachrichten aus Kaiserslautern,nachrichten-kl.de,,Germany
SoyMotero.net,soymotero.net,,Spain
nh24,nh24.de,,Germany
Daily Medical Info,dailymedicalinfo.com,,Egypt
Spanish Revolution,spanishrevolution.net,,Spain
Coweo Technologies,coweo.cz,,Czech Republic
PlayStation Info,playstationinfo.de,,Germany
El Masry Elyoum,almasryalyoum.com,,Egypt
La Nación Colombia,lanacion.com.co,,Colombia
TD Actu,touchdownactu.com,,France
Yicai Global,yicaiglobal.com,,China
Revista Transportes y Turismo,tyt.com.mx,,Mexico
El Caribe,elcaribe.com.do,,Dominican Republic
Awras,awras.com,,Algeria
Radio Rivadavia SA,rivadavia.com.ar,,Argentina
Campo Grande News,campograndenews.com.br,,Brazil
Hérault-Tribune,herault-tribune.com,,France
Comunicasur Media SL,lavozdelsur.es,,Spain
Janglo Deals,janglo.net,,Israel
Agence Ecofin,agenceecofin.com,,Switzerland
The Bridge,thebridge.jp,,Japan
Sawt Beirut International,sawtbeirut.com,,Lebanon
ParisZigZag,pariszigzag.fr,,France
Cinéma du réel,cinemadureel.org,,France
MC Digital Media,mcmedia.com.cy,,Cyprus
Zach Media,zackzack.at,,Austria
Debate Club NDU,lebanese-forces.com,,Lebanon
Elo7,elo7.com.br,,Brazil
Viðskiptablaðið,vb.is,,Iceland
Hellos Ayarwon,hellosayarwon.com,,Myanmar
Montevideo Portal,montevideo.com.uy,,Uruguay
Seu Crédito Digital,seucreditodigital.com.br,,Brazil
Diário do Rio de Janeiro,diariodorio.com,,Brazil
Canada Free Press,canadafreepress.com,,Canada
Financial Afrik,financialafrik.com,,Senegal
Fugues Magazine,fugues.com,,Canada
Le Repaire des Motards,lerepairedesmotards.com,,France
Welovebuzz,welovebuzz.com,,Morocco
QdMnotizie,qdmnotizie.it,,Italy
Il Foglio,ilfoglio.it,,Italy
Boursorama,boursorama.com,,France
Cagliari News 24,cagliarinews24.com,,Italy
Jawhara FM,jawharafm.net,,Tunisia
Rondoniaovivo,rondoniaovivo.com,,Brazil
Trust Medias,trustmyscience.com,,France
Domani,editorialedomani.it,,Italy
Otovietnam,otosaigon.com,,Vietnam
Le Site de la Sneaker,lesitedelasneaker.com,,France
Ricette Gustose,ricettegustose.it,,Italy
Milan News 24,milannews24.com,,Italy
Glam,glam.my,,Malaysia
Primocanale,primocanale.it,,Italy
Quefaire.be,quefaire.be,,Belgium
Bateaux.com Magazine,bateaux.com,,France
ハフポスト日本版,huffingtonpost.jp,,Japan
ArtsLife,artslife.com,,Italy
Nunatsiaq News,nunatsiaqonline.ca,,Canada
Les Voitures,lesvoitures.fr,,France
TELEBARI,telebari.it,,Italy
The Korea Herald,koreaherald.com,,South Korea
24-7 Press Release Distribution Newswire,24-7pressrelease.com,,Canada
Portal do Generoso,portaldogeneroso.com,,Brazil
Artribune,artribune.com,,Italy
Mizzima,mizzima.com,,Myanmar
Gossip e TV,gossipetv.com,,Italy
Jornal Região de Leiria,regiaodeleiria.pt,,Portugal
Tempo Stretto,tempostretto.it,,Italy
Kwong Wah Yit Poh,kwongwah.com.my,,Malaysia
TOPSTARNEWS (톱스타뉴스),topstarnews.net,,South Korea
Nurse24.it,nurse24.it,,Italy
Portal Giro,portalgiro.com,,Brazil
Fisco e Tasse,fiscoetasse.com,,Italy
Surrey Now-Leader,surreynowleader.com,,Canada
ASAPS Italia,asaps.it,,Italy
Giornale di Puglia,giornaledipuglia.com,,Italy
Gridmidia,gridmidia.com,,Brazil
Patos Notícias,patosnoticias.com.br,,Brazil
Herald Corporation,heraldcorp.com,,South Korea
Campbell River Mirror,campbellrivermirror.com,,Canada
Pourquoi Docteur,pourquoidocteur.fr,,France
Conosci Firenze,conoscifirenze.it,,Italy
Kukmin Ilbo,kmib.co.kr,,South Korea
OnlineKhabar,onlinekhabar.com,,Nepal
Disneyphile,disneyphile.fr,,France
Travel Tomorrow,traveltomorrow.com,,Belgium
Reporterre,reporterre.net,,France
OMGVoice (digital),omgvoice.com,,Ghana
O Município,omunicipio.com.br,,Brazil
Secolo d'Italia,secoloditalia.it,,Italy
Horizon Weekly,horizonweekly.ca,,Canada
01 Net,01net.com,,France
Jornal Estação,jornalestacao.com.br,,Brazil
Jornal Cruzeiro do Sul,jornalcruzeiro.com.br,,Brazil
Christian Today (Korea),christiantoday.co.kr,,South Korea
MusicOff,musicoff.com,,Italy
–ú–ö-–≠—Å—Ç–æ–Ω–∏—è,mke.ee,,Estonia
Root-nation.com,root-nation.com,,Ukraine
The Kyiv Independent,kyivindependent.com,,Ukraine
Informa Press,informa-press.it,,Italy
Tydenik Hrot,tydenikhrot.cz,,Czech Republic
GQ Portugal,gqportugal.pt,,Portugal
E-Teplicko,e-teplicko.cz,,Czech Republic
Forbes Colombia,forbes.co,,Colombia
A. Miller Zeitungsverlag KG,traunsteiner-tagblatt.de,,Germany
El Deber,eldeber.com.bo,,Bolivia
Geeknetic,geeknetic.es,,Spain
Verona Oggi,veronaoggi.it,,Italy
ActuaNews.fr,actuanews.fr,,France
MC.Today,mc.today,,Ukraine
The961,the961.com,,Lebanon
HOY Aragón,hoyaragon.es,,Spain
Gäubote,gaeubote.de,,Germany
StockWatch Cyprus,stockwatch.com.cy,,Cyprus
Bloomberg TV Mongolia,bloombergtv.mn,,Mongolia
All Music Italia,allmusicitalia.it,,Italy
Vis-à-Vis,revistavisavis.com,,Spain
Portal O Dia,portalodia.com,,Brazil
Journal Du Dimanche,lejdd.fr,,France
Rems-Zeitung,remszeitung.de,,Germany
Business Mag Albania,businessmag.al,,Albania
Infodefensa.com,infodefensa.com,,Spain
KAMzaKRASOU.sk,kamzakrasou.sk,,Slovakia
E-Global Notícias em Português,e-global.pt,,Portugal
CRE Russia,cre.ru,,Russia
Авторевю,autoreview.ru,,Russia
7info,7info.ci,,Ivory Coast
Respekt,respekt.cz,,Czech Republic
Media Union,monitor.al,,Albania
Czech News Agency,ctk.cz,,Czech Republic
Magazín Patriot,patriotmagazin.cz,,Czech Republic
Peiner Allgemeine Zeitung,paz-online.de,,Germany
Alicante Plaza,alicanteplaza.es,,Spain
A Redação,aredacao.com.br,,Brazil
Teleacras,teleacras.it,,Italy
News & Record,news-record.com,,Brazil
The Thaiger,thethaiger.com,,Thailand
AssCompact,asscompact.de,,Germany
Pleno.News,pleno.news,,Brazil
InSight Crime,insightcrime.org,,Colombia
Republikein,republikein.com.na,,Namibia
Out Magazine,out.com,,Argentina
The Connexion,connexionfrance.com,,France
Live Media,jv.ru,,Russia
PFEFFERMINZIA,pfefferminzia.de,,Germany
Revista Velvet,revistavelvet.cl,,Chile
Periódico El Colombiano,elcolombiano.com,,Colombia
WAU Test Ammissione,wauniversity.it,,Italy
La Voz de Alcalá,lavozdealcala.com,,Spain
Telokwento,telokwento.com,,Mexico
Euronews Albania,euronews.al,,Albania
Muzikalia,muzikalia.com,,Spain
Il Nautilus,ilnautilus.it,,Italy
Mixer Planet,mixerplanet.com,,Italy
El Nuevo Siglo,elnuevosiglo.com.co,,Colombia
Travel Voice,travelvoice.jp,,Japan
Chronicle Zimbabwe,chronicle.co.zw,,Zimbabwe
Sound Of Violence,soundofviolence.net,,France
Kapital Media Group doo,kapital.mk,,Macedonia
Bocholter-Borkener Volksblatt,bbv-net.de,,Germany
Sintra Notícias,sintranoticias.pt,,Portugal
Teletime News,teletime.com.br,,Brazil
NeoFeedBrasil,neofeed.com.br,,Brazil
The Hill Times,hilltimes.com,,Canada
The Challenger,the-challenger.ru,,Russia
Almomento.net,almomento.net,,Dominican Republic
Cambridge Times,cambridgetimes.ca,,Canada
SalleriKhabar,sallerikhabar.com,,Nepal
RF-hobby,rf-hobby.cz,,Czech Republic
Catalunya Religió,catalunyareligio.cat,,Spain
Periódico Infobaja,infobaja.info,,Mexico
OnlineMarketing.de,onlinemarketing.de,,Germany
Canale Sassuolo,canalesassuolo.it,,Italy
Radio Città Fujiko,radiocittafujiko.it,,Italy
Клерк,klerk.ru,,Russia
El Periódico de España,epe.es,,Spain
Aidspan,aidspan.org,,Kenya
Kolesa.ru,kolesa.ru,,Russia
Indulge Magazine,peacearchnews.com,,Canada
Sélection Reader's Digest France,selectionclic.com,,France
Gigantes Del Basket,gigantes.com,,Spain
Canal Içara,canalicara.com,,Brazil
Robban Assafina Magazine,assafinaonline.com,,Lebanon
El Ancasti,elancasti.com.ar,,Argentina
Salutedomani.com,salutedomani.com,,Italy
TV Ora News,oranews.tv,,Albania
Powell River Peak,prpeak.com,,Canada
Città Nuova,cittanuova.it,,Italy
НЭН,n-e-n.ru,,Russia
Sport Paper,sportpaper.it,,Italy
In-Cyprus,in-cyprus.com,,Cyprus
ADN Cuba,adncuba.com,,Cuba
Opera Plus,operaplus.cz,,Czech Republic
Vzglyad.az,vzglyad.az,,Azerbaijan
AAK News,akhbar-alkhaleej.com,,Bahrain
Diari Més,diarimes.com,,Spain
City of Morden,mymorden.ca,,Canada
Centro Urbano,centrourbano.com,,Mexico
Forum Opéra,forumopera.com,,France
The Playoffs,theplayoffs.com.br,,Brazil
Bulawayo24 News,bulawayo24.com,,Zimbabwe
Lethbridge News,mylethbridgenow.com,,Canada
SuperFM,superfm.com,,Portugal
Top Albania Radio,topalbaniaradio.com,,Albania
UATV,uatv.ua,,Ukraine
Empresa Diário de Notícias,dnoticias.pt,,Portugal
The Astana Times,astanatimes.com,,Kazakhstan
Berchtesgadener Anzeiger,berchtesgadener-anzeiger.de,,Germany
General-Anzeiger Bonn,ga.de,,Germany
The Tribune,tribune242.com,,Bahamas
Nogomania,nogomania.com,,Slovenia
Hrej.cz & Grunex,hrej.cz,,Czech Republic
Revista Digital Minera,redimin.cl,,Chile
RJB,rjb.ch,,Switzerland
Revista Diners,revistadiners.com.co,,Colombia
Business News Service,mold-street.com,,Moldova
Blog de Contador,blogdelcontador.com.ar,,Argentina
BRIEFING.pt,briefing.pt,,Portugal
Guyana Chronicle,guyanachronicle.com,,Guyana
El Temps,eltemps.cat,,Spain
RADAR64,radar64.com,,Brazil
Portugal Resident,portugalresident.com,,Portugal
SUPER.KG,super.kg,,Kyrgyzstan
Grupo La Provincia,grupolaprovincia.com,,Argentina
OrgoglioNerd,orgoglionerd.it,,Italy
L'Hebdo du Vendredi,lhebdoduvendredi.com,,France
The Bell,thebell.io,,Russia
Der Bund,derbund.ch,,Switzerland
Pisapapeles,pisapapeles.net,,Chile
Letras Libres,letraslibres.com,,Mexico
Ra2ed,ra2ed.com,,Saudi Arabia
DV Iceland,dv.is,,Iceland
The Ugandan Wire,theugandanwire.com,,Uganda
Motor Talk,motor-talk.de,,Germany
Startupi,startupi.com.br,,Brazil
Político MX,politico.mx,,Mexico
Al-Yaum,alyaum.com,,Saudi Arabia
Grupo Thathi,thathi.com.br,,Brazil
RTN,rtn.ch,,Switzerland
Deník N,denikn.cz,,Czech Republic
100% Radio,centpourcent.com,,France
PuntoBiz,puntobiz.com.ar,,Argentina
Social Suriname,socialsuriname.com,,Suriname
Brf,brf.be,,Belgium
PostEat.ua,posteat.ua,,Ukraine
Portal Contabeis,contabeis.com.br,,Brazil
Boqnews,boqnews.com,,Brazil
Salzburger Nachrichten,sn.at,,Austria
IlMediano.it,ilmediano.com,,Italy
El Salto,elsaltodiario.com,,Spain
Hanzo,hanzo.it,,Italy
El Correo Gallego,elcorreogallego.es,,Spain
Best Movie,bestmovie.it,,Italy
Monaco Life,monacolife.net,,Monaco
Espansione Srl,espansionetv.it,,Italy
Dnes24,dnes24.sk,,Slovakia
Beverfood.com Edizioni,beverfood.com,,Italy
El Siglo de Torreon  (Editora de la Laguna),elsiglodetorreon.com.mx,,Mexico
Radio Radio,radioradio.it,,Italy
Repórter Diário,reporterdiario.com.br,,Brazil
La Nuova Sardegna,lanuovasardegna.it,,Italy
TechPana,techpana.com,,Nepal
http://www.schweizer-illustrierte.ch,schweizer-illustrierte.ch,,Switzerland
Fiji Sun,fijisun.com.fj,,Fiji
Eco Dalle Città,ecodallecitta.it,,Italy
ActuaLitté,actualitte.com,,France
DIARIO DE NOTICIAS DE ÁLAVA,noticiasdealava.eus,,Spain
Revista NÁUTICA,nautica.com.br,,Brazil
Extra Cura√ßao,extra.cw,,Venezuela
Osservatorio Balcani Caucaso Transeuropa,balcanicaucaso.org,,Italy
Visibilia Editore SpA,villegiardini.it,,Italy
The Nassau Guardian,thenassauguardian.com,,Bahamas
Sinar Daily,sinardaily.my,,Malaysia
Expats.cz,expats.cz,,Czech Republic
Diari d'Andorra,diariandorra.ad,,Andorra
LE JOURNAL DE SAÔNE ET LOIRE,lejsl.com,,France
Diwan FM,diwanfm.net,,Tunisia
ImReady,ingenio-web.it,,San Marino
Business24HD,iraq24hd.com,,Iraq
NIUS,niusdiario.es,,Spain
VALORI - mensile di economia sociale e finanza eti,valori.it,,Italy
Fars News Agency,farsnews.ir,,Iran
Motorlat,motorlat.com,,Argentina
dev.ua,dev.ua,,Ukraine
MENAFN,menafn.com,,Jordan
Cyber Pawn GmbH,playcentral.de,,Germany
Campinas.com.br,campinas.com.br,,Brazil
Poder360,poder360.com.br,,Brazil
La Verità,laverita.info,,Italy
Olhar Digital,olhardigital.com.br,,Brazil
REFRESHER.sk,refresher.sk,,Slovakia
RPP Noticias,rpp.pe,,Peru
Mihaaru,mihaaru.com,,Maldives
News of Bahrain,newsofbahrain.com,,Bahrain
Asamblea Nacional del Ecuador,asambleanacional.gob.ec,,Ecuador
Eurogamer Portugal,eurogamer.pt,,Portugal
El Pitazo,elpitazo.net,,Venezuela
Almuraba,almuraba.net,,Saudi Arabia
Dialogos,dialogos.com.cy,,Cyprus
Portalb,portalb.mk,,Macedonia
Il Giornale delle Scienze Psicologiche,stateofmind.it,,Italy
Proyecto Puente,proyectopuente.com.mx,,Mexico
FORBES España,forbes.es,,Spain
Capital News,capitalnews.com.br,,Brazil
Contralínea,contralinea.com.mx,,Mexico
Shpi.al,shpi.al,,Albania
Color Vision Canal 9,colorvision.com.do,,Dominican Republic
LANCE! Media Group,lance.com.br,,Brazil
CTech,calcalistech.com,,Israel
DW (Arabic),dw.com,,Germany
The Hockey Writers,thehockeywriters.com,,Canada
The Linguist List,linguistlist.org,,Canada
Rhonews.com,legnanonews.com,,Italy
Time Out Москва,timeout.ru,,Russia
Jornal Z Norte,jornalznorte.com.br,,Brazil
GKPB,gkpb.com.br,,Brazil
Première,premiere.fr,,France
Rewind,rewind.sk,,Slovakia
Jaba Production,koikispass.com,,France
La Settima Arte,artesettima.it,,Italy
Revista InformaBTL,informabtl.com,,Mexico
Nuovevoci Network,nuovevoci.it,,Italy
New Retail,new-retail.ru,,Russia
MO*,mo.be,,Belgium
Mind. UA,mind.ua,,Ukraine
Cronachedigusto.it,cronachedigusto.it,,Italy
L'Edicola del Sud,ledicoladelsud.it,,Italy
La Opinion de A Coruña,laopinioncoruna.es,,Spain
Naharnet,naharnet.com,,Lebanon
Biji-biji Initiative,biji-biji.com,,Malaysia
Actufoot,actufoot.com,,France
C.A. Huracán,cahuracan.com,,Argentina
Košice Dnes,kosicednes.sk,,Slovakia
Portal Morada,portalmorada.com.br,,Brazil
Bonito Informa,bonitoinforma.com.br,,Brazil
A Bola,abola.pt,,Portugal
Kenh14,kenh14.vn,,Vietnam
HaitiLibre.com,haitilibre.com,,Haiti
Lowyat.net,lowyat.net,,Malaysia
Diario La República,republica.com.uy,,Uruguay
La Nación (Paraguay),lanacion.com.py,,Paraguay
Diario Extra,diarioextra.com,,Costa Rica
EJ Insight,ejinsight.com,,China
Rede Sul de Notícias,redesuldenoticias.com.br,,Brazil
Forbes Kazakhstan,forbes.kz,,Kazakhstan
Diario de Pernambuco,diariodepernambuco.com.br,,Brazil
Cavok Brasil,cavok.com.br,,Brazil
LB.ua,lb.ua,,Ukraine
"Global Noticias - Media Group, SA",globalmediagroup.pt,,Portugal
Gazeta Digital,gazetadigital.com.br,,Brazil
Grupo RPP,gruporpp.com.pe,,Peru
Angers Info,my-angers.info,,France
Mediamax,mediamax.am,,Armenia
Digital Tree e-Publishing,digitaltree.com.cy,,Cyprus
Suriname Herald,srherald.com,,Suriname
Rádio Taquara,jornalpanorama.com.br,,Brazil
Correio Do Brasil,correiodobrasil.com.br,,Brazil
Metro Jornal,metrojornal.com.br,,Brazil
Jovem Nerd,jovemnerd.com.br,,Brazil
Emisoras Unidas,emisorasunidas.com,,Guatemala
Diário de Petrópolis,diariodepetropolis.com.br,,Brazil
Editorial La Republica S.A.S.,larepublica.co,,Colombia
Roularta Media Group,roularta.be,,Belgium
Castellón Diario,castellondiario.com,,Spain
Central Gazeta de Noticias,cgn.inf.br,,Brazil
B24.am,b24.am,,Armenia
The Beijinger,thebeijinger.com,,China
Geledés - Instituto da Mulher Negra,geledes.org.br,,Brazil
Acorda Cidade,acordacidade.com.br,,Brazil
Diarinho,diarinho.com.br,,Brazil
The Borneo Post,theborneopost.com,,Malaysia
Shared,shared.com,,Canada
UAB Vakaru portalas,ve.lt,,Lithuania
RÚV,ruv.is,,Iceland
Unlimit Tech,unlimit-tech.com,,Saudi Arabia
Il Dolomiti,ildolomiti.it,,Italy
Mega FM 92.3,megafm.com.br,,Brazil
Rheiderland,rheiderland.de,,Germany
Nación Media,nacionmedia.com,,Paraguay
Caravan.kz,caravan.kz,,Kazakhstan
Tenho Mais Discos Que Amigos,tenhomaisdiscosqueamigos.com,,Brazil
Rádio 105 FM,fm105.com.br,,Brazil
Publinews,publinews.gt,,Guatemala
Jornal O Fluminense,ofluminense.com.br,,Brazil
Lrytas,lrytas.lt,,Lithuania
MEDCOM Panamá,medcom.com.pa,,Panama
Vvale,vvale.com.br,,Brazil
Amanz Media,amanz.my,,Malaysia
بوابة الشرق الالكترونية,al-sharq.com,,Qatar
RDS Italy,rds.it,,Italy
Varginha Online,varginhaonline.com.br,,Brazil
Caretas,caretas.pe,,Peru
Codigo Poker,codigopoker.com,,Argentina
PC3 Magazine,pc3mag.com,,China
TV Cultura,tvcultura.com.br,,Brazil
CEERT,ceert.org.br,,Brazil
Série Maníacos,seriemaniacos.tv,,Brazil
Editora Perú,editoraperu.com.pe,,Peru
Éder Luiz Notícias,ederluiz.com.vc,,Brazil
Anda Jornal,anda.jor.br,,Brazil
Pipoca Moderna,pipocamoderna.com.br,,Brazil
Vietnamnet.vn,vietnamnet.vn,,Vietnam
AD Queretaro,aldialogo.mx,,Mexico
Cidade Verde,cidadeverde.com,,Brazil
Comporte-se,comportese.com,,Brazil
El Sol,elsol.com.ar,,Argentina
Now News (PCCW),news.now.com,,China
notebookspec,notebookspec.com,,Thailand
Canção Nova,cancaonova.com,,Brazil
Portal A Crítica,acritica.com,,Brazil
São Carlos Agora,saocarlosagora.com.br,,Brazil
Tribuna de Minas,tribunademinas.com.br,,Brazil
Top Channel,top-channel.tv,,Albania
Última Hora,ultimahora.com,,Paraguay
Kapook,kapook.com,,Thailand
Michezoafrika.com,michezoafrika.com,,Kenya
Grupo Merca2,grupomerca2.com,,Spain
Schnauzi,schnauzi.com,,Colombia
El Patagónico,elpatagonico.com,,Argentina
Ah Negão!,ahnegao.com.br,,Brazil
La Voz del Pueblo,lavozdelpueblo.com.ar,,Argentina
Primera Fuente,primerafuente.com.ar,,Argentina
"Difoosion [iPadizate, Andro4all]",ipadizate.es,,Spain
The  Clinic,theclinic.cl,,Chile
SecretOlivo,secretolivo.com,,Spain
AIN.UA,ain.ua,,Ukraine
Las2Orillas,las2orillas.co,,Colombia
El Diario de Antofagasta,diarioantofagasta.cl,,Chile
Todocircuito.com,todocircuito.com,,Spain
Imprensa,imprensa.com.pt,,Portugal
Salamanca 24 Horas,salamanca24horas.com,,Spain
Prensa fútbol,prensafutbol.cl,,Chile
Jornal de Leiria,jornaldeleiria.pt,,Portugal
EBC Brasil,ebc.com.br,,Brazil
Editorial Noroeste,noroeste.com.mx,,Mexico
Diario San Rafael,diariosanrafael.com.ar,,Argentina
El Deforma,eldeforma.com,,Mexico
Gamer Style,gamerstyle.com.mx,,Mexico
Zona Norte Diario Online,zonanortediario.com.ar,,Argentina
Libros y Letras,librosyletras.com,,Colombia
Клубер,cluber.com.ua,,Ukraine
Pablo Layus,pablolayus.com.ar,,Argentina
O País,opais.sapo.mz,,Mozambique
JOTA,jota.info,,Brazil
Südtirol News,suedtirolnews.it,,Italy
El Territorio,elterritorio.com.ar,,Argentina
HakaekOnline,hakaekonline.com,,Tunisia
RBC Ukraine,rbc.ua,,Ukraine
La Cosa cine,lacosacine.com,,Argentina
Periodico Correo (Vimarsa),periodicocorreo.com.mx,,Mexico
El Pípila,elpipila.mx,,Mexico
Asopaipas,asopaipas.com,,Spain
Microsiervos,microsiervos.com,,Spain
Mistérios do Mundo,misteriosdomundo.org,,Portugal
El Diario de Chihuahua,eldiariodechihuahua.mx,,Mexico
El Tiempo Mexico,eltiempomonclova.mx,,Mexico
Poblanerías,poblanerias.com,,Mexico
Raquetc,raquetc.com,,Portugal
Indie Hoy,indiehoy.com,,Argentina
Campeones,campeones.com.ar,,Argentina
Noticias de Querétaro,noticiasdequeretaro.com.mx,,Mexico
En El Aire,enelaire.mx,,Mexico
El Heraldo de Saltillo,elheraldodesaltillo.mx,,Mexico
El Faro de Ceuta,elfarodeceuta.es,,Spain
Comunicacio Vinaria S.L.,elmon.cat,,Spain
Portal da Ilha Digital,portaldailha.com.br,,Brazil
Pura Noticia,puranoticia.cl,,Chile
Papel Pop,papelpop.com,,Brazil
Portal Banda B,bandab.com.br,,Brazil
Revista Pais & Filhos,paisefilhos.com.br,,Brazil
Taste of Cinema,tasteofcinema.com,,Mexico
Diario de Valdivia,diariodevaldivia.cl,,Chile
Madrid Actual,madridactual.es,,Spain
Zona Negativa,zonanegativa.com,,Spain
El Liberal,elliberal.com.ar,,Argentina
Diario Popular,diariopopular.com.ar,,Argentina
Grupo Diario Sur,diariosur.cl,,Chile
TodoMountainBike,todomountainbike.net,,Spain
Diario Perspectiva Sur,perspectivasur.com,,Argentina
Rádio Sociedade da Bahia,sociedadeonline.com,,Brazil
moldesdicasmoda.com,moldesdicasmoda.com,,Portugal
Minuto30,minuto30.com,,Colombia
Aristegui Noticias Network,aristeguinoticias.com,,Mexico
Glam Magazine,glam-magazine.pt,,Portugal
PCGuia,pcguia.pt,,Portugal
Expreso,expreso.com.mx,,Mexico
SDP Noticias,sdpnoticias.com,,Mexico
Euskal Kultura,euskalkultura.com,,Spain
El Telégrafo,eltelegrafo.com.ec,,Ecuador
TCH,tsn.ua,,Ukraine
Lo Spazio Bianco,lospaziobianco.it,,Italy
Caminhões e Carretas,caminhoes-e-carretas.com,,Brazil
Blogdelpueblo,blogdelpueblo.com,,Mexico
Gasteiz Hoy,gasteizhoy.com,,Spain
Jerez Sin Fronteras,jerezsinfronteras.es,,Spain
El Diario 24,eldiario24.com,,Argentina
RafaBasa,rafabasa.com,,Mexico
Edinet,edinet.info,,Italy
Guia da Semana,guiadasemana.com.br,,Brazil
Peninsular Digital,peninsulardigital.com,,Mexico
Sentireascoltare,sentireascoltare.com,,Italy
miDoggy GmbH,midoggy.de,,Germany
Deejay,deejay.it,,Italy
Ravennanotizie.it,ravennanotizie.it,,Italy
Il Giunco,ilgiunco.net,,Italy
BadTaste.it,badtaste.it,,Italy
Notélé,notele.be,,Belgium
Money.it,money.it,,Italy
SerieAnews.com,serieanews.com,,Italy
Newsbiella.it,newsbiella.it,,Italy
Basket USA,basketusa.com,,France
El Heraldo Austral,eha.cl,,Chile
Edra,edraspa.it,,Italy
Antimafia Duemila,antimafiaduemila.com,,Italy
miciudadreal.es,miciudadreal.es,,Spain
Donnerwetter.de,donnerwetter.de,,Germany
Response JP,response.jp,,Japan
Postal do Algarve,postal.pt,,Portugal
MDCU Comics,mdcu-comics.fr,,France
L'Adige,ladige.it,,Italy
Gazzetta di Parma,gazzettadiparma.it,,Italy
AbruzzoWeb,abruzzoweb.it,,Italy
Schweinfurter Nachrichten TV,sw-n-tv.de,,Germany
Cinefilos.it,cinefilos.it,,Italy
Reiff Verlag GmbH,reiff.de,,Germany
Politica Argentina,politicargentina.com,,Argentina
halloherne UG,halloherne.de,,Germany
CronacaSocial,cronacasocial.com,,Italy
TvDaily,tvdaily.it,,Italy
Gazette Live Montpellier,lagazettedemontpellier.fr,,France
La cucina di Rita,ritaskitchen.org,,Italy
Sportal Korea 스포탈코리아,sportalkorea.com,,South Korea
L'Unione Sarda,unionesarda.it,,Italy
cinematoday,cinematoday.jp,,Japan
Radio Intensité,intensite.net,,France
DELTA FM.FR,deltafm.fr,,France
Nippon TV (NTV),ntv.co.jp,,Japan
CercoLavoro.com,cercolavoro.com,,Italy
Yachuk,yachuk.com,,South Korea
Regional,regional.si,,Slovenia
Serienjunkies GmbH & Co.KG,serienjunkies.de,,Germany
Radio Mélodie,radiomelodie.com,,France
OberpfalzECHO,oberpfalzecho.de,,Germany
Opencourt Basketball,opencourt-basketball.com,,Germany
Zenazone,zenazone.it,,Italy
Mulatero Editore,mulatero.it,,Italy
Delfi Estonia,delfi.ee,,Estonia
Nylon Japan,nylon.jp,,Japan
Merca2.es (Mercados y Estilos de Vida),merca2.es,,Spain
Rocket News 24 ロケットニュース24,rocketnews24.com,,Japan
Sobotainfo,sobotainfo.com,,Slovenia
Verlag Nibelungen Kurier GmbH,nibelungen-kurier.de,,Germany
Calcioweb.eu,calcioweb.eu,,Italy
RetailDetail,retaildetail.be,,Belgium
El Grupo Informático,elgrupoinformatico.com,,Spain
OA Sport,oasport.it,,Italy
Riviera Oggi,rivieraoggi.it,,Italy
Kajgana.com,kajgana.com,,Macedonia
mobiFlip.de,mobiflip.de,,Germany
MeridioNews,meridionews.it,,Italy
Pravda,pravda.sk,,Slovakia
COMICSBLOG.fr,comicsblog.fr,,France
Infomerlo,infomerlo.com,,Argentina
Jeversches Wochenblatt,jeversches-wochenblatt.de,,Germany
Torino Oggi,torinoggi.it,,Italy
Versiliatoday,versiliatoday.it,,Italy
Twist Zeitschriften Verlag GmbH,kosmo.at,,Austria
Alto Adige,altoadige.it,,Italy
El Dictamen,eldictamen.mx,,Mexico
Socedit,socedit.it,,Italy
Pagina66,pagina66.com,,Spain
ControRadio,controradio.it,,Italy
Estense.com,estense.com,,Italy
Vesuvio Live,vesuviolive.it,,Italy
Formula Passion,formulapassion.it,,Italy
fivemedia GmbH,5min.at,,Austria
Alta Frequenza,alta-frequenza.corsica,,France
CronacaQui,cronacaqui.it,,Italy
Lidovky,lidovky.cz,,Czech Republic
O Mirante,omirante.pt,,Portugal
TecnoAndroid,tecnoandroid.it,,Italy
FMT Media,freemalaysiatoday.com,,Malaysia
Forex Crunch,forexcrunch.com,,Spain
Gossip Room,gossip-room.fr,,France
EjeCentral,ejecentral.com.mx,,Mexico
M105,m105.ca,,Canada
Phnom Penh Post,phnompenhpost.com,,Cambodia
Journal L'Express de Drummondville,journalexpress.ca,,Canada
Adversport France,footmercato.net,,France
Buena Vibra,buenavibra.es,,Argentina
Extremadura.com,extremadura.com,,Spain
Radio America Honduras,radioamerica.hn,,Honduras
وكالة فلسطين اليوم الإخبارية,paltoday.ps,,Palestine
Telquel Media,telquel.ma,,Morocco
Sports.ru,sports.ru,,Russia
Harper's Bazaar Russia,bazaar.ru,,Russia
جريدة الشبيبة,shabiba.com,,Oman
El Diario Mexico,diario.mx,,Mexico
Brain Damaged,braindamaged.fr,,France
Thai Rath,thairath.co.th,,Thailand
Zona Franca,zonafranca.mx,,Mexico
Fleece Fun (not a publisher),fleecefun.com,,Jordan
Diario La Provincia SJ,diariolaprovinciasj.com,,Mexico
François Charron,francoischarron.com,,Canada
Forbes Russia,forbes.ru,,Russia
Hromadske Network,hromadske.ua,,Ukraine
El Time,eltime.es,,Spain
مصراوي,masrawy.com,,Egypt
Next INpact,nextinpact.com,,France
Sanook,sanook.com,,Thailand
Diarios En Red,diariosenred.com,,Chile
RD1,rd1.com.br,,Brazil
Badabun,badabun.com,,Mexico
Oriental Daily Malaysia,orientaldaily.com.my,,Malaysia
Mafra Media Group,mafra.cz,,Czech Republic
Independent Media,imedia.ru,,Russia
TVP Televisoras del Pacifico,tvpacifico.mx,,Mexico
Russia Beyond,rbth.com,,Russia
Tiscali,tiscali.it,,Italy
Aseer Publishing,alwatan.com.sa,,Saudi Arabia
Diario de México,diariodemexico.com,,Mexico
CenárioMT,cenariomt.com.br,,Brazil
Infonews,infonews.com,,Argentina
Al-Watan Newspaper - جريدة الوطن,al-watan.com,,Qatar
Al Jaras,aljaras.com,,Lebanon
Диалог.UA (Dialogue),dialog.ua,,Ukraine
The Rider Post,theriderpost.com,,France
Les ventes,lesventes.ca,,Canada
Cosmopolitan Ukraine,cosmo.com.ua,,Ukraine
El-Shorouk,shorouknews.com,,Egypt
Tudocelular.com,tudocelular.com,,Brazil
Plaza Nueva,plazanueva.com,,Spain
Diario Jaen,diariojaen.es,,Spain
قناة المملكة,almamlakatv.com,,Jordan
As Beiras,asbeiras.pt,,Portugal
Jara y Sedal,revistajaraysedal.es,,Spain
SIPSE,sipse.com,,Mexico
Radio Sudamericana,radiosudamericana.com,,Argentina
Badisches Pressehaus GmbH & Co. KG,bz-medien.de,,Germany
Red Uno De Bolivia,reduno.com.bo,,Bolivia
Diario Norte Uruguay,diarionorte.com.uy,,Uruguay
Knooz FM,knoozfm.net,,Tunisia
جريدة الجمهورية,jomhouria.com,,Tunisia
Intolerancia Diario,intoleranciadiario.com,,Mexico
Sportacentrs.com,sportacentrs.com,,Latvia
Media Novosti,belnovosti.by,,Belarus
morning Dew,republika.mk,,Macedonia
ГОРДОН,gordonua.com,,Ukraine
NETFLU,netflu.com.br,,Brazil
TrashTalk,trashtalk.co,,France
Portali Shkollor,portalishkollor.al,,Albania
Motorionline,motorionline.com,,Italy
Konica,konica.al,,Albania
StabiaChannel.it,stabiachannel.it,,Italy
Flamengo RJ,flamengorj.com.br,,Brazil
Clic Camaquã,cliccamaqua.com.br,,Brazil
Locals.md,locals.md,,Moldova
Bravo.am -  Armenian Celebrities & Entertainment G,bravo.am,,Armenia
Новости Азербайджана,oxu.az,,Azerbaijan
Askanews,askanews.it,,Italy
FaceNews,facenews.ua,,Ukraine
Metropolitana FM,metropolitanafm.com.br,,Brazil
Revista Pronto,pronto.com.ar,,Argentina
Notizia Oggi,notiziaoggi.it,,Italy
TVMAX Panamá,tvmax-9.com,,Panama
iHarare Extreme,iharare.com,,Zimbabwe
TickerMedia AG,polizeiticker.ch,,Switzerland
Psycode,psycode.it,,Italy
BusinessFM,bfm.ru,,Russia
Ciociaria Oggi,ciociariaoggi.it,,Italy
EconoBlog,econoblog.com.ar,,Argentina
Cremaonline,cremaonline.it,,Italy
Alam Assayarat,alamalsayarat.com,,Lebanon
El Imparcial de Oaxaca,imparcialoaxaca.mx,,Mexico
sun.mv,sun.mv,,Maldives
Anton Noticias,anton.com.mx,,Mexico
Defimedia.info,defimedia.info,,Mauritius
TuttoMercatoWeb,tuttomercatoweb.com,,Italy
Kitco News,kitco.com,,Canada
Dispatch,dispatch.co.kr,,South Korea
Havadis Gazetesi,havadiskibris.com,,Cyprus
ESdiario,esdiario.com,,Spain
Minuto Neuquén,minutoneuquen.com,,Argentina
CalcioNapoli24.it,calcionapoli24.it,,Italy
Aravot,aravot.am,,Armenia
Quotidiano di Ragusa,quotidianodiragusa.it,,Italy
قناة الرشيد الفضائية,alrasheedmedia.com,,Iraq
Purbeli News,purbelinews.com,,Nepal
RADIO TELEVIZIONI SCAN,scan-tv.com,,Albania
LaPelotona,lapelotona.com,,Colombia
InfoCilento.it,infocilento.it,,Italy
Grupo Culturizando,culturizando.com,,Venezuela
Meteored,tiempo.com,,Spain
Inovativnost,inovativnost.mk,,Macedonia
Agesor -Periodismo 24 horas,agesor.com.uy,,Uruguay
Gazzetta Della Spezia,gazzettadellaspezia.it,,Italy
EADaily,eadaily.com,,Russia
Kjarninn,kjarninn.is,,Iceland
Logos News,logosnews.it,,Italy
Rambler,rambler.ru,,Russia
Nuevo Diario Web,nuevodiarioweb.com.ar,,Argentina
NeXt Quotidiano,nextquotidiano.it,,Italy
Viagginbici.com,viagginbici.com,,Italy
جريدة الزمان,elzmannews.com,,Egypt
Delta Pictures,deltapictures.it,,Italy
La Patilla,lapatilla.com,,Venezuela
Al-Akhbar,al-akhbar.com,,Lebanon
Radio Cadena Voces,rcv.hn,,Honduras
A1on.mk,a1on.mk,,Macedonia
Kıbrıs Genç TV,kibrisgenctv.com,,Cyprus
Volun Corp,voluncorp.com,,Benin
www.iMeteo.sk,imeteo.sk,,Slovakia
Tutto Napoli,tuttonapoli.net,,Italy
Invictos,somosinvictos.com,,Mexico
Sakam Da Kazam,sdk.mk,,Macedonia
Thethao247.vn,thethao247.vn,,Vietnam
Isa e Chia,isaechia.it,,Italy
"Radio Fortuna FM 106,9",fortuna.ge,,Georgia
Caçador Online,cacador.net,,Brazil
hun.is,hun.is,,Iceland
Reporter.mk,reporter.mk,,Macedonia
BakuPost.az,bakupost.az,,Azerbaijan
Sri Lanka Mirror,srilankamirror.com,,Sri Lanka
SHANTNEWS.am,shantnews.am,,Armenia
Dream Alcalá,dream-alcala.com,,Spain
Hase Post,hasepost.de,,Germany
آخر خبر,akherkhabar.ma,,Morocco
El Pueblo de Ceuta,elpueblodeceuta.es,,Spain
SempreInter.com,sempreinter.com,,Italy
TV21,tv21.tv,,Macedonia
24Ракомет,24rakomet.mk,,Macedonia
FcInter1908,fcinter1908.it,,Italy
Bóng Đá,bongda.com.vn,,Vietnam
Deschide.MD,deschide.md,,Moldova
MotoRival,motorival.com,,Thailand
Vesti.am,vesti.am,,Armenia
PhunuToday.vn,phunutoday.vn,,Vietnam
young Bukovynets,molbuk.ua,,Ukraine
Binews,bassairpinia.it,,Italy
Diario TRV,diariotrv.com,,El Salvador
Crónica Veracruz,cronicaveracruz.com,,Mexico
Fótbolti,fotbolti.net,,Iceland
Lo Spiffero,lospiffero.com,,Italy
Etaplius,etaplius.lt,,Lithuania
Sport Media,sportmedia.mk,,Macedonia
Týden,tyden.cz,,Czech Republic
CCC Media House Co Ltd,cccmh.co.jp,,Japan
La Nota Positiva,lanotapositiva.com,,Colombia
Diário de Suzano,diariodesuzano.com.br,,Brazil
Lala Moulati,lalamoulati.net,,Morocco
Qdpnews,qdpnews.it,,Italy
iPhone Mania,iphone-mania.jp,,Japan
Dicas Online,dicasonline.com,,Portugal
جريدة الكلمة,elkalimanews.com,,Egypt
Top Elegance,topelegance.com.br,,Brazil
Groupe Ennahar,ennaharonline.com,,Algeria
Planeta Wrestling,planetawrestling.com,,Spain
Replyua,replyua.net,,Ukraine
Olímpica Stéreo,olimpicastereo.com.co,,Colombia
TGspot,tgspot.co.il,,Israel
Coffee Break,kafepauza.mk,,Macedonia
Yeniduzen,yeniduzen.com,,Cyprus
Les petites annonces de St Barth de Cyphoma,cyphoma.com,,Guadeloupe
Icy Veins,icy-veins.com,,France
iSpazio,ispazio.net,,Italy
Messinaora.it,messinaora.it,,Italy
Gazzetta Regionale,gazzettaregionale.it,,Italy
Motosan,motosan.es,,Spain
ABC Noticias,abcnoticias.mx,,Mexico
Public Broadcasting Entity of the Balearic Islands,ib3.org,,Spain
tohoza.com,tohoza.com,,Rwanda
El Mañana de Nuevo Laredo,elmanana.com.mx,,Mexico
Ok Chicas,okchicas.com,,Mexico
Synergy FM,synergyfm.com.np,,Nepal
AlytusPlius.lt,alytusplius.lt,,Lithuania
Promiflash,promiflash.de,,Germany
Faktor.mk,faktor.mk,,Macedonia
HiphopKR,hiphopkr.com,,South Korea
Vrabotuvanje,vrabotuvanje.com.mk,,Macedonia
Janaboli News Media,janaboli.com,,Nepal
Villa Mercedes Info,villamercedes.info,,Argentina
Citypress Yayıncılık Ltd,kibrispostasi.com,,Cyprus
VNews - Culture,vnews.am,,Armenia
ClickPB,clickpb.com.br,,Brazil
AlphaNews.Live,alphanews.live,,Cyprus
ContentFleet GmbH,curved.de,,Germany
À Punt Mèdia,apuntmedia.es,,Spain
Al Wasat,alwasat.ly,,Egypt
Newsweek Mexico,newsweekespanol.com,,Mexico
autoua.net,autoua.net,,Ukraine
Minformo.com,minformo.com,,Italy
Transmisora Quindio,transmisoraquindio.com,,Colombia
ЭкоРубрика,rubryka.com,,Russia
MondoPrimavera.com,mondoprimavera.com,,Italy
2Sao.vn,2sao.vn,,Vietnam
Portal Arauto,portalarauto.com.br,,Brazil
Guana Noticias,guananoticias.com,,Costa Rica
basket4us,basket4us.com,,Mexico
السوسنة,assawsana.com,,Jordan
Oficina da Net,oficinadanet.com.br,,Brazil
ONETV.cz,onetv.cz,,Czech Republic
Galaxy FM 100.2,galaxyfm.co.ug,,Uganda
Radio Panamericana,radiopanamericana.com,,Peru
Sport24,sport24news.it,,Italy
Lakome2,lakome2.com,,Morocco
Artha Sarokar,arthasarokar.com,,Nepal
Blog do Rodrigo Ferraz,blogdorodrigoferraz.com.br,,Brazil
Pragmatismo Político,pragmatismopolitico.com.br,,Brazil
Dhankuta Khabar,dhankutakhabar.com,,Nepal
الاقباط متحدون,copts-united.com,,Egypt
Generación Xbox,generacionxbox.com,,Spain
Interez,interez.sk,,Slovakia
ثقف نفسك,thaqafnafsak.com,,Egypt
Cubadebate,cubadebate.cu,,Cuba
Journal L'Action,laction.com,,Canada
Doosan Magazine,doosanmagazine.com,,South Korea
Alwatan Voice,alwatanvoice.com,,Palestine
Dosja.al,dosja.al,,Albania
Revista Psikologjia,revistapsikologji.com,,Albania
Diario 1,diario1.com,,El Salvador
Más Aire,masaireweb.com,,Argentina
Attraction Média,attraction.ca,,Canada
NTV Television Company,ntv.ru,,Russia
Khabar Dabali,khabardabali.com,,Nepal
stars24.cz,stars24.cz,,Czech Republic
قناة حلب اليوم,halabtodaytv.net,,Syria
Futbol Ecuador,futbolecuador.com,,Ecuador
Ajyal Radio Network,arn.ps,,Palestine
Giro Marília,giromarilia.com.br,,Brazil
Diariomotor,diariomotor.com,,Spain
Hogarmania.com,hogarmania.com,,Spain
بوابة أخبار اليوم,akhbarelyom.com,,Egypt
HabsolumentFan,habsolumentfan.com,,Canada
Express FM,radioexpressfm.com,,Tunisia
VIZION PLUS,vizionplus.tv,,Albania
Social Sweethearts,socialsweethearts.de,,Germany
Aseanop.com,aseanop.com,,Cambodia
Bukedde,bukedde.co.ug,,Uganda
Motorcycle Sports,motorcyclesports.net,,Portugal
Gentetlx,gentetlx.com.mx,,Mexico
Tiempo La Noticia Digital,tiempo.com.mx,,Mexico
Telefuturo,telefuturo.com.py,,Paraguay
Lankasri,lankasri.com,,Sri Lanka
Calciomio,calciomio.fr,,France
Migalhas,migalhas.com.br,,Brazil
Napoli Magazine,napolimagazine.com,,Italy
Silvia Olmedo,silviaolmedo.com,,Spain
Khmerload,khmerload.com,,Cambodia
BroScience,broscience.com,,Iceland
Portal Cambé,portalcambe.com.br,,Brazil
Showbizz.net,showbizz.net,,Canada
الجديدة اكسبرس,eljadidaexpress.ma,,Morocco
Platina Line,platinaline.com,,Angola
BigPicture Russia,bigpicture.ru,,Russia
Alfredo Pedullà,alfredopedulla.com,,Italy
Stundin,stundin.is,,Iceland
El Mexicano,el-mexicano.com.mx,,Mexico
Nau Media AG,nau.ch,,Switzerland
Rudaw,rudaw.net,,Iraq
PLAY3.DE,play3.de,,Germany
Fresh News Asia,freshnewsasia.com,,Cambodia
بوابتي,bawabatii.com,,Yemen
excel-tricks.de,exceltricks.blog,,Germany
GuardaCheVideo,guardachevideo.it,,Italy
Ekipa,ekipa.mk,,Macedonia
Hitek,hitek.fr,,France
Hoje em Dia,hojeemdia.com.br,,Brazil
HockeyFeed,hockeyfeed.com,,Canada
Український інтерес,uain.press,,Ukraine
Image Channel,imagekhabar.com,,Nepal
Amadalamazigh,amadalamazigh.press.ma,,Morocco
Energie Života,energiezivota.com,,Czech Republic
Gazeta Esportiva,gazetaesportiva.com,,Brazil
TERAZ.SK,teraz.sk,,Slovakia
Canal Extremadura,canalextremadura.es,,Spain
Portal Analitika,portalanalitika.me,,Montenegro
Bizim Yol,bizimyol.info,,Azerbaijan
Les Crieurs Du Web,lescrieursduweb.com,,France
Life Informa,informa.life,,Brazil
Українська правда,pravda.com.ua,,Ukraine
Stile TV,stiletv.it,,Italy
Intermarium,intermarium.news,,Ukraine
GPlusMedia,gplusmedia.com,,Japan
nbamaniacs,nbamaniacs.com,,Spain
Mosaïque FM,mosaiquefm.net,,Tunisia
La Razón de México,razon.com.mx,,Mexico
I Am Naples,iamnaples.it,,Italy
24ora,24ora.com,,Aruba
Só Notícia Boa,sonoticiaboa.com.br,,Brazil
Circulaire en Ligne,circulaire-en-ligne.ca,,Canada
Defesa Aérea & Naval,defesaaereanaval.com.br,,Brazil
"A1plus «A1+» TV, Meltex LTD",a1plus.am,,Armenia
Sitel TV,sitel.com.mk,,Macedonia
Viralistas,viralistas.com,,Spain
Cultoro,cultoro.es,,Spain
raajje.mv,raajje.mv,,Maldives
Numen Contenidos,eltucumano.com,,Argentina
liga3-online.de,liga3-online.de,,Germany
JoBlo,joblo.com,,Canada
CMTV,cmtv.com.ar,,Argentina
Panorama Group,panorama.com.al,,Albania
Adversport Germany GmbH,fussballtransfers.com,,Germany
Grazia Россия,graziamagazine.ru,,Russia
Rohi,rohi.af,,Afghanistan
Euronews Georgia,euronewsgeorgia.com,,Georgia
Estratégia Concursos,estrategiaconcursos.com.br,,Brazil
Gabon Media Time,gabonmediatime.com,,Gabon
Telesport,telesport.al,,Albania
Unitel Bolivia,unitel.bo,,Bolivia
Interlatin,interlatin.com,,Peru
Il Quotidiano del Sud,quotidianodelsud.it,,Italy
Hoy Paraguay (Grupo Multimedia),hoy.com.py,,Paraguay
Rosario Plus,rosarioplus.com,,Argentina
Newsru,newsru.com,,Russia
TV Soap,tvsoap.it,,Italy
Vatican News,vaticannews.va,,Italy
Deno Licina (Der Poet),deno-licina.com,,Montenegro
Verona News,veronanews.net,,Italy
BNews,bnews.com.br,,Brazil
1TV,1tvnews.af,,Afghanistan
Diario Concepción,diarioconcepcion.cl,,Chile
Rolloid,rolloid.net,,Spain
Alpha Media Group,alphamedia.com.ar,,Argentina
Blick Aktuell,blick-aktuell.de,,Germany
Nuovo Sud,nuovosud.it,,Italy
OlhaQueVideo,olhaquevideo.com.br,,Brazil
Afisha Media,afisha.uz,,Uzbekistan
Heure Du Journal,heuredujournal.com,,Morocco
Confidencial Colombia,confidencialcolombia.com,,Colombia
Zaikei Shimbun,zaikei.co.jp,,Japan
Cabroworld,cabroworld.com,,Peru
حكمة الأول,alaoual.com,,Morocco
Pupia TV,pupia.tv,,Italy
Tiempo de San Juan,tiempodesanjuan.com,,Argentina
Telesur TV,telesurtv.net,,Venezuela
Futbolete,futbolete.com,,Colombia
Hidrocálido Digital (Editorial Periodismo de Avanzada),hidrocalidodigital.com,,Mexico
JM Madeira,jm-madeira.pt,,Portugal
E-consulta Veracruz,e-veracruz.mx,,Mexico
3Labs,3labs.it,,Italy
Periodismo del Motor,periodismodelmotor.com,,Spain
Auto123,auto123.com,,Canada
Syri,syri.net,,Albania
Passion.ru,passion.ru,,Russia
Õhtuleht,ohtuleht.ee,,Estonia
Allgäuer Zeitung,all-in.de,,Germany
ABC Hoy Tandil,abchoy.com.ar,,Argentina
Corse-Matin,corsematin.com,,France
Koha.net,koha.net,,Albania
Revista Moto,revistamoto.com,,Mexico
La Posta Noticias,lapostanoticias.com.ar,,Argentina
Sport.fr,sport.fr,,France
The Social Post,thesocialpost.it,,Italy
Ciaopeople Media Group,ciaopeople.it,,Italy
Indian,indian-tv.cz,,Czech Republic
Europolitis Verlag,europolitis.eu,,Germany
Médialo,medialo.ca,,Canada
Siena Free,sienafree.it,,Italy
21Media,rtv21.tv,,Albania
Les Observateurs CH,lesobservateurs.ch,,Switzerland
Le Journal du Geek,journaldugeek.com,,France
Koreaboo,koreaboo.com,,South Korea
Lenta.Ru,lenta.ru,,Russia
Arutz Sheva,israelnationalnews.com,,Israel
Noixvoi24.it,noixvoi24.it,,Italy
SeResponsable,seresponsable.com,,Mexico
Infolaplata Noticias,infolaplata.com,,Argentina
Lesotho Times / Sunday Express,sundayexpress.co.ls,,Lesotho
Diario del Web,diariodelweb.it,,Italy
INCOM International Communication,incom.vn,,Vietnam
Associazione Culturale Zerottonove,zerottonove.it,,Italy
New adVentures,newadventures.pt,,Portugal
El Watan Presse,elwatan.com,,Algeria
Repleze,repleze.co.jp,,Japan
News1 Korea,news1.kr,,South Korea
Facilísimo,facilisimo.com,,Spain
El Eco Mulitmedios,elecomultimedios.com.ar,,Argentina
Hockey 30,hockey30.com,,Canada
Ciudadano News,ciudadano.news,,Argentina
CRN1,crn1.com.br,,Brazil
Daltro Emerenciano,blogdedaltroemerenciano.com.br,,Brazil
Paradigma,paradigma.live,,Mexico
Zimmer Press,infobierzo.com,,Spain
La Red,lared.com.gt,,Guatemala
Ditox Produções - Blog das 9Dades,ditoxproducoes.com,,Portugal
OBemdito,obemdito.com.br,,Brazil
Travel Media Traicy JAPAN,traicy.com,,Japan
SuperVasco,supervasco.com,,Brazil
zerozero.pt,zerozero.pt,,Portugal
LA.LV,la.lv,,Latvia
Gazeta do Cerrado,gazetadocerrado.com.br,,Brazil
L Football,lfootball.it,,Italy
Revista MQE,revistamqe.com,,Costa Rica
Palmeiras Online,palmeirasonline.com,,Brazil
جريدة الأنباء,alanba.com.kw,,Kuwait
GhPage,ghpage.com,,Ghana
Daily Health Post,dailyhealthpost.com,,Canada
Revista Mira,revistamira.com.mx,,Mexico
More Good Foundation,masfe.org,,Peru
TVN Noticias,tvn-2.com,,Panama
Kas vyksta Kaune,kasvyksta.lt,,Lithuania
SharkiaToday,sharkiatoday.com,,Egypt
Periódico El Lorquino,el-lorquino.com,,Spain
Blunote Web,blunote.it,,Italy
Latin Us,latinus.us,,Mexico
Globalist,globalist.it,,Italy
TV Ciudad,tvciudad.uy,,Uruguay
Novo Cantu Notícias,novocantu.com.br,,Brazil
El Desmarque Portal Deportivo,eldesmarque.com,,Spain
Radiotelevisión de la región de Murcia,7tvregiondemurcia.es,,Spain
Sonin,sonin.mn,,Mongolia
Milano Città Stato,milanocittastato.it,,Italy
Go Guy Net,goguynet.jp,,Japan
Canal 13 San Juan TV,canal13sanjuan.com,,Argentina
Ibbenbürener Volkszeitung,ivz-aktuell.de,,Germany
Portal Correio,portalcorreio.com.br,,Brazil
Rengo en La Noticia Prensa,rengoenlanoticia.cl,,Chile
Ncultura,ncultura.pt,,Portugal
La Crónica del Quindío,cronicadelquindio.com,,Colombia
Magazine.HD,magazine-hd.com,,Portugal
The Saudi Gazette,saudigazette.com.sa,,Saudi Arabia
Mako,mako.co.il,,Israel
IlSaronno,ilsaronno.it,,Italy
La Arena,laarena.com.ar,,Argentina
SoyFiera,soyfiera.com,,Mexico
La Voz de Lanzarote,lavozdelanzarote.com,,Spain
Himeralive.it,himeralive.it,,Italy
Atlas da Saúde,atlasdasaude.pt,,Portugal
Jornal A Crítica,acritica.net,,Brazil
Grupo Perspectiva,perspectiva.gt,,Guatemala
UDGTV,udgtv.com,,Mexico
Real Estelí,realestelifc.com,,Nicaragua
Paislobo.cl,paislobo.cl,,Chile
Imagen Poblana,imagenpoblana.com,,Mexico
3WMÍDIA,portalr3.com.br,,Brazil
Visão Oeste,visaooeste.com.br,,Brazil
Rhône FM,rhonefm.ch,,Switzerland
Diario de Transporte,diariodetransporte.com,,Spain
Real Cross,realcross.co.jp,,Japan
Tel de Actualidad,teldeactualidad.com,,Spain
O Diário de Mogi,odiariodemogi.net.br,,Brazil
Educarriere,educarriere.ci,,Ivory Coast
STADIONEWS24,stadionews.it,,Italy
Le Journal Catalan,le-journal-catalan.com,,France
Chena,chena.com,,Paraguay
Luxsure,luxsure.fr,,France
قناة الغد (Al Ghad TV),alghad.tv,,Egypt
СУСПІЛЬНЕ НОВИНИ,suspilne.media,,Ukraine
Nintendo Blast,nintendoblast.com.br,,Brazil
Media group i10.ru,i10.ru,,Russia
Phật Giáo Việt Nam,phatgiao.org.vn,,Vietnam
Cookpad,cookpad.com,,Japan
PlayStation Universe,psu.com,,Canada
Il Romanista,ilromanista.eu,,Italy
vctr.media,vctr.media,,Ukraine
Noticias ZMG,noticiaszmg.com,,Mexico
Retail Association of Ukraine,rau.ua,,Ukraine
F1 News,f1news.ru,,Russia
Channel 13,13tv.co.il,,Israel
المدينة الإخبارية,almadenahnews.com,,Jordan
МЕЛ,mel.fm,,Russia
Grupo La Tribuna,elpais.hn,,Honduras
Репортер,report.if.ua,,Ukraine
Caribbean Broadcasting Corporation,cbc.bb,,Barbados
Вечерний Бишкек,vb.kg,,Kyrgyzstan
NTR24,ntr24.tv,,Italy
Inlajmi,inlajmi.com,,Albania
the Government of the Republic of Armenia,gov.am,,Armenia
Tercera Via,terceravia.mx,,Mexico
Roar Media,roar.media,,Sri Lanka
Moteur.ma,moteur.ma,,Morocco
Radio Onda Azul AC,radioondaazul.com,,Peru
HeadLight Magazine,headlightmag.com,,Thailand
Kommersant,kommersant.ru,,Russia
RADIO MARCA TENERIFE,radiomarcatenerife.com,,Spain
Objektiiv,objektiiv.ee,,Estonia
NovostiNK,novostink.net,,Armenia
Visite Brasília,visitebrasilia.com.br,,Brazil
El Periódico,el-periodico.com.ar,,Argentina
Panamericana Televisión,panamericana.pe,,Peru
Habr Blockchain Publishing,habr.com,,Russia
N-Gamz,n-gamz.com,,France
Club de Futbol Monterrey,rayados.com,,Mexico
Waouh!,waouh.com,,Switzerland
Clip Media Group,clip.mk,,Macedonia
STYLING Magazine,hairmagazine.com.mk,,Macedonia
Dominica News Online,dominicanewsonline.com,,Dominica
Haspa Next GmbH,haspa-next.de,,Germany
El Cordillerano,elcordillerano.com.ar,,Argentina
Motor16,motor16.com,,Spain
Men's Ex,mens-ex.jp,,Japan
HCH Televisión Digital,hch.tv,,Honduras
Spectrum,spektr.press,,Russia
デイリースポーツ,daily.co.jp,,Japan
Shangay,shangay.com,,Spain
Correo del Sur,correodelsur.com,,Bolivia
РИА Новости,ria.ru,,Russia
Soy de,soy-de.com,,Spain
Philkotse,philkotse.com,,Canada
The St. Lucia STAR,stluciastar.com,,China
Yeah1,yeah1.com,,Vietnam
AION SUR,aionsur.com,,Spain
Design Mate,design-mate.ru,,Russia
Oh My News,ohmynews.com,,South Korea
Dev.by,devby.io,,Belarus
Diário do Poder,diariodopoder.com.br,,Brazil
Saigon Times Group,thesaigontimes.vn,,Vietnam
RTS Ecuador,rts.com.ec,,Ecuador
وكالة أنباء سرايا الإخبارية,sarayanews.com,,Jordan
RCI Group – Antilles,rci.fm,,France
POPS Worldwide,popsww.com,,Vietnam
The Fact Co.,tf.co.kr,,South Korea
Army Recognition Group,armyrecognition.com,,Belgium
Il Centro,ilcentro.it,,Italy
TBS,tbs.co.jp,,Japan
Federação Paulista de Futebol,futebolpaulista.com.br,,Brazil
iMoD,iphonemod.net,,Thailand
Game-Experience,game-experience.it,,Italy
Aconteceu em Joinville,aconteceuemjoinville.com.br,,Brazil
Mona FM,monafm.fr,,France
Communications Fiji,cfl.com.fj,,Fiji
Enjoy Zaragoza,enjoyzaragoza.es,,Spain
One31,one31.net,,Thailand
Albeu,albeu.com,,Albania
Grupo Massa,grupomassa.com.br,,Brazil
PRESIDENT Online,president.jp,,Japan
Now 14 (עכשיו 14),now14.co.il,,Israel
Revista Bordo,bordo.al,,Albania
CPS Media,cps.media,,Mexico
Times of Oman,timesofoman.com,,Oman
Dicodusport,dicodusport.fr,,France
Albest.al,albest.al,,Albania
Catve.com,catve.com,,Brazil
Lecco News,lecconews.news,,Italy
Grupo ATV,atv.pe,,Peru
BasketKorea,basketkorea.com,,South Korea
Lucca in Diretta,luccaindiretta.it,,Italy
PortalAgora.com,portalagora.com,,Brazil
Asia Broadcasting,asiabroadcasting.lk,,Sri Lanka
DIRECTV Latin America,directvsports.com,,Spain
COSME アットコスメ,cosme.net,,Japan
Corriere del Ticino Group,cdt.ch,,Switzerland
GameBlast,gameblast.com.br,,Brazil
Paris-Turf,paris-turf.com,,France
Commesso Perplesso,commessoperplesso.it,,Italy
Governo do Estado de São Paulo,saopaulo.sp.gov.br,,Brazil
Imirante.com,imirante.com,,Brazil
ELPATO Medien GmbH,el-pato.de,,Germany
Grupo Pazos,gpazos.com,,Mexico
Golden West Broadcasting,goldenwest.ca,,Canada
SoyMotor.com,soymotor.com,,Spain
Teleantioquia,teleantioquia.co,,Colombia
SYC Proyectos e Inversiones,sycsl.com,,Spain
Repretel,repretel.com,,Costa Rica
Red Bolivisión,redbolivision.tv.bo,,Bolivia
Avant Cem,avantcem.com,,Spain
El Observador CR,observador.cr,,Costa Rica
Aujourd’hui le Maroc,aujourdhui.ma,,Morocco
Canal Antigua,canalantigua.tv,,Guatemala
Pasión Águila,pasionaguila.com,,Mexico
Cadena 3 Argentina,cadena3.com,,Argentina
TAGMAG,tagmag.news,,Belgium
الأخبار,alakhbar.press.ma,,Morocco
Notisistema,notisistema.com,,Mexico
El CEO,elceo.com,,Mexico
Le Rose Pingouin,rosepingouin.com,,Canada
Lokol,lokol.me,,Canada
MiPROMO,mipromo.me,,Ghana
MisionesOnline,misionesonline.net,,Argentina
Whiplash.net,whiplash.net,,Brazil
Interspace Co.,interspace.ne.jp,,Japan
City News Albania,cna.al,,Albania
El Digital de Albacete,eldigitaldealbacete.com,,Spain
TNT Sports,tntsports.cl,,Chile
Pantip,pantip.com,,Thailand
Rádio Transamérica FM,radiotransamerica.com.br,,Brazil
Hoy en el Deporte,hoyeneldeportecr.com,,Costa Rica
Burkina 24,burkina24.com,,Burkina Faso
Mundo Azulgrana,mundoazulgrana.com.ar,,Argentina
IRW-PRESS Nachrichtenagentur,irw-press.com,,Austria
Semana Economica,semanaeconomica.com,,Peru
Pianeta Serie B,pianetaserieb.it,,Italy
Khmer Times,khmertimeskh.com,,Cambodia
Autonoción,autonocion.com,,Spain
GranadaDigital,granadadigital.es,,Spain
055 Firenze,055firenze.it,,Italy
Porto Alegre 24 Horas,poa24horas.com.br,,Brazil
Antena 7,antena7.com.do,,Dominican Republic
Yucatán al Instante,yucatanalinstante.com,,Mexico
HOYTamaulipas,hoytamaulipas.net,,Mexico
Revista Proceso,proceso.com.mx,,Mexico
LazioPress.it,laziopress.it,,Italy
Golperu,golperu.pe,,Peru
Presencia.MX,presencia.mx,,Mexico
Stereo 100,stereo100.com.gt,,Guatemala
Versus Media UG,metal.de,,Germany
Ergodotisi,ergodotisi.com,,Cyprus
Vecer.mk,vecer.mk,,Macedonia
Racetas Para Vivir Mejor,recetasparaadelgazar.com,,Spain
Fernsehen in Sachsen,sachsen-fernsehen.de,,Germany
Magdeburger-News.de,magdeburger-news.de,,Germany
Časopis 100+1,stoplusjednicka.cz,,Czech Republic
Artı49,arti49.com,,Germany
Kooora,kooora.com,,Bahrain
Osthessen-news.de,osthessen-news.de,,Germany
GamersRD,gamersrd.com,,Spain
Anime2You,anime2you.de,,Germany
Arutz 7,inn.co.il,,Israel
Bokra Communications Ltd,bokra.net,,Israel
Panorama Group,panet.co.il,,Israel
Playbuzz Ltd,playbuzz.com,,Israel
Diena Media,diena.lt,,Lithuania
All Media Digital,sportas.lt,,Lithuania
Almal News,almalnews.com,,Egypt
2+2,2plus2.ua,,Ukraine
السياسة التحريرية (Ahl Masr News),ahlmasrnews.com,,Egypt
iPhoneSoft.fr,iphonesoft.fr,,France
Forbes JAPAN,forbesjapan.com,,Japan
H&L Média,hetlmedia.com,,Canada
Heaaart,heaaart.com,,Japan
Geekhebdo,geekhebdo.com,,France
favy Inc,favy.jp,,Japan
Adversport Spain,fichajes.com,,Spain
MCOT,mcot.net,,Thailand
FormulaTV,formulatv.com,,Spain
Show No Limit Co.,shownolimit.com,,Thailand
TC Televisión,tctelevision.com,,Ecuador
AJIB MEDIAS,ajib.fr,,France
La Guía Del Varón,laguiadelvaron.com,,Mexico
Salamanca RTV,salamancartvaldia.es,,Spain
Mynavi Corporation,mynavi.jp,,Japan
IlCapoluogo,ilcapoluogo.it,,Italy
PSN Primer Sistema de Noticias,psn.si,,Mexico
Ideawebtv.it,ideawebtv.it,,Italy
diez,diez.md,,Moldova
Houyhnhnm フイナム,houyhnhnm.jp,,Japan
Portal da Cidade,portaldacidade.com,,Brazil
InnovaNews,innovanews.it,,Italy
Malaysia Gazette,malaysiagazette.com,,Malaysia
Nofi Media,nofi.media,,France
fupa.net,fupa.net,,Germany
Aviation Wire,aviationwire.jp,,Japan
Mobtada مبتدا,mobtada.com,,Egypt
Adrenaline,adrenaline.com.br,,Brazil
L'Immediato,immediato.net,,Italy
Polizei.news,polizei.news,,Switzerland
Cidade Hoje,cidadehoje.pt,,Portugal
Trip.ee,trip.ee,,Estonia
Affaritaliani.it,affaritaliani.it,,Italy
Millavois.com,millavois.com,,France
La Provincia di Como,laprovinciadicomo.it,,Italy
Radio SCOOP,radioscoop.com,,France
Quotidiano Piemontese,quotidianopiemontese.it,,Italy
MangaForever,mangaforever.net,,Italy
AfrikMag,afrikmag.com,,Ivory Coast
RebelGamer,rebelgamer.de,,Germany
Kakaku.com,kakaku.com,,Japan
DeichStube,deichstube.de,,Germany
SiciliaOnDemand Srl,blogsicilia.it,,Italy
Trend Online,trend-online.com,,Italy
Le Petit Journal Marocain,lepetitjournalmarocain.com,,Morocco
Virgin Radio Italia,virginradio.it,,Italy
Gruppo Sapere Aude Editore,grupposae.it,,Italy
Ma Ligue 2,maligue2.fr,,France
Diário da Região,diariodaregiao.com.br,,Brazil
Direttanews.it,direttanews.it,,Italy
Pagine Romaniste,pagineromaniste.com,,Italy
Central Ontario Broadcasting,cobroadcasting.com,,Canada
More News,morenews.it,,Italy
Télésambre,telesambre.be,,Belgium
Darpan Publications,darpanpublications.com,,Canada
SOREAD / 2M Interactive,2m.ma,,Morocco
TATAME,tatame.com.br,,Brazil
"Shoeisha Co., Ltd",shoeisha.co.jp,,Japan
Vistanet,vistanet.it,,Italy
Panorama.it,panorama.it,,Italy
โพสต์ทูเดย์ (Bangkok Post),posttoday.com,,Thailand
Futebol 365,futebol365.pt,,Portugal
On Rugby,onrugby.it,,Italy
Booska-P,booska-p.com,,France
Lanostratv,lanostratv.it,,Italy
Linfodrome.ci,linfodrome.com,,Ivory Coast
Tanta Salute,tantasalute.it,,Italy
Autoappassionati.it,autoappassionati.it,,Italy
PianetaMilan.it,pianetamilan.it,,Italy
Il Napolista,ilnapolista.it,,Italy
Jeda News,jedanews.it,,Italy
Baú das DICAS,baudasdicas.com.br,,Brazil
AquiAgora.net,aquiagora.net,,Brazil
Urban Toronto,urbantoronto.ca,,Canada
Pagine Sì,paginesispa.it,,Italy
Medi 1,medi1.com,,Morocco
Sanremo News,sanremonews.it,,Italy
O Minho,ominho.pt,,Portugal
Mole24,mole24.it,,Italy
Il Tempo,iltempo.it,,Italy
Bola Amarela,bolamarela.pt,,Portugal
Castelli Notizie,castellinotizie.it,,Italy
Planète Déco,planete-deco.fr,,France
Libreriamo,libreriamo.it,,Italy
Zona Técnica Futsal Portugal,futsalportugal.com,,Portugal
Radio Mars,radiomars.ma,,Morocco
LaRoma24,laroma24.it,,Italy
Canal Alpha,canalalpha.ch,,Switzerland
Grupo A Tarde,atarde.com.br,,Brazil
Seried24.com,seried24.com,,Italy
IrpiniaNews,irpinianews.it,,Italy
99.1 CKXS,ckxsfm.com,,Canada
Radio Monte Carlo,radiomontecarlo.net,,Italy
SMYLE Comunicazione,smylecomunicazione.it,,Italy
Tengrinews,tengrinews.kz,,Kazakhstan
Radio Agricultura,radioagricultura.cl,,Chile
Chosun Ilbo,chosun.com,,South Korea
Correio 9,correio9.com.br,,Brazil
Grupo Tarobá,tarobanews.com,,Brazil
TV Foco,otvfoco.com.br,,Brazil
Jornal Metas,jornalmetas.com.br,,Brazil
scomunicando.it,scomunicando.it,,Italy
In.fo,in.fo,,Faroe Islands
Algérie Part Plus,algeriepartplus.com,,Algeria
ConsoGlobe,consoglobe.com,,France
LIGA.net,liga.net,,Russia
StatoQuotidiano,statoquotidiano.it,,Italy
Abmreport.it - Servizi per l'informazione,abmreport.it,,Italy
Interior Design,interior.ru,,Russia
Il Giornale di Calabria,giornaledicalabria.it,,Italy
Gente de Opinião,gentedeopiniao.com.br,,Brazil
InStyle Russia,instyle.ru,,Russia
S.Egidio News,agrotoday.it,,Italy
Área VIP,areavip.com.br,,Brazil
Not Always Right,notalwaysright.com,,Canada
WARP Magazine,warp.la,,Mexico
Vision,alroya.om,,Oman
No Pasa Nada,nopasanada.mx,,Mexico
oliberal.com,oliberal.com,,Brazil
Diário da Manhã Pelotas,diariodamanhapelotas.com.br,,Brazil
Iconos Mag,iconosmag.com,,Honduras
Žinių radijas,ziniuradijas.lt,,Lithuania
La Città,lacittasrl.it,,Italy
lente locale,lentelocale.it,,Italy
Affaires de Gars,affairesdegars.com,,France
Mobilizujeme.cz,mobilizujeme.cz,,Czech Republic
Economie Entreprises,economie-entreprises.com,,Morocco
Messinaoggi,messinaoggi.it,,Italy
Jornal Leopoldinense,leopoldinense.com.br,,Brazil
ilBoursa.com,ilboursa.com,,Tunisia
RADIO BUSSOLA 24,radiobussola.it,,Italy
Primero y Diez,primeroydiez.com,,Mexico
Flashfly,flashfly.net,,Thailand
Kart Motor,kartmotor.com.br,,Brazil
Cobertura 360,cobertura360.mx,,Mexico
Fuji News Network,fnn.jp,,Japan
TVL TVlibera,tvl.it,,Italy
tuttoteK,tuttotek.it,,Italy
Infocielo,infocielo.com,,Argentina
Alkas,alkas.lt,,Lithuania
Italpress,italpress.com,,Italy
Svoboda.info,svoboda.info,,Czech Republic
31mag.nl,31mag.nl,,Italy
Kuali,kuali.com.mx,,Mexico
ConfidencialHN,confidencialhn.com,,Honduras
kto? chto? gde?,kto-chto-gde.ru,,Russia
جريدة القبس,alqabas.com,,Kuwait
Ziarul National,ziarulnational.md,,Moldova
Porto.,porto.pt,,Portugal
InSanitas.it,insanitas.it,,Italy
ha-ber.com,ha-ber.com,,Germany
Волинські Новини,volynnews.com,,Ukraine
Bystricoviny.sk,bystricoviny.sk,,Slovakia
Genova3000,genova3000.it,,Italy
istituzioni24.it,istituzioni24.it,,Italy
Jetset Magazine,jetsetmagazine.net,,Tunisia
Basilicata24,basilicata24.it,,Italy
Idest,idest.com.br,,Brazil
City Magazine Slovenia,citymagazine.si,,Slovenia
Journalistenwatch e.V.,journalistenwatch.com,,Germany
iguides.ru,iguides.ru,,Russia
ferra.ru,ferra.ru,,Russia
La Testata - Testa l'informazione,latestatamagazine.it,,Italy
Almería Veinticuatro Horas,almeria24h.com,,Spain
Financial Club,finclub.net,,Ukraine
V Gorode,vgorode.ua,,Ukraine
Spain Media,spainmedia.es,,Spain
Sarmady,sarmady.net,,Egypt
Sportazinas.com,sportazinas.com,,Latvia
Il Lametino,lametino.it,,Italy
José Cárdenas,josecardenas.com,,Spain
Extra Online Media,extra.cz,,Czech Republic
Inside Music,insidemusic.it,,Italy
Mauritius Broadcasting Corporation,mbcradio.tv,,Mauritius
Banker.az,banker.az,,Azerbaijan
Marketer.ge,marketer.ge,,Georgia
動區動趨 BlockTempo,blocktempo.com,,China
SassiLive.it,sassilive.it,,Italy
Trmtv.it,trmtv.it,,Italy
Tiempo Argentino,tiempoar.com.ar,,Argentina
FRAGlíder,fraglider.pt,,Portugal
Зелена Берза,zelenaberza.com.mk,,Macedonia
Võrumaa Teataja,vorumaateataja.ee,,Estonia
Mega TV Georgia,megatv.ge,,Georgia
Alfa TV (Алфа ТВ),alfa.mk,,Macedonia
Infocampo,infocampo.com.ar,,Argentina
Klatsch und Tratsch,klatsch-tratsch.de,,Germany
Conocedores,conocedores.com,,Spain
Agora RS,agoranors.com,,Brazil
GAYA TRAVEL MAGAZINE,gayatravel.com.my,,Malaysia
Stereo.ru,stereo.ru,,Russia
Toutelatele,toutelatele.com,,France
Insideroma,insideroma.com,,Italy
CRNOBELO.com,crnobelo.com,,Macedonia
Jornal O Paraná,oparana.com.br,,Brazil
Seven Days Publishing House,seven-days.ru,,Russia
Mediju nams,nra.lv,,Latvia
Hetq,hetq.am,,Armenia
SUPER LUTAS,superlutas.com.br,,Brazil
Полтавщина,poltava.to,,Ukraine
Jonavos žinios,jonavoszinios.lt,,Lithuania
Diario de Huelva,diariodehuelva.es,,Spain
24.kg,24.kg,,Kyrgyzstan
Antena Livre,antenalivre.pt,,Portugal
Temporeale Quotidiano,temporeale.info,,Italy
El Día.bo,eldia.com.bo,,Bolivia
Cook It,cookit.guru,,Ukraine
The Hockey News,thehockeynews.com,,Canada
PanARMENIAN.net,panarmenian.net,,Armenia
Revista Encontro,revistaencontro.com.br,,Brazil
Portal CT,clebertoledo.com.br,,Brazil
Portal Standard,standard.co.me,,Montenegro
056.ua,056.ua,,Ukraine
Apfelpage.de,apfelpage.de,,Germany
Shaam News Network,shaam.org,,Syria
Réunionnais du Monde,reunionnaisdumonde.com,,Overseas Territories of France
Altaveu,altaveu.com,,Andorra
AraInfo,arainfo.org,,Spain
Durham Radio Inc,powerofradio.ca,,Canada
iranwire.com ایران وایر,iranwire.com,,Iran
Grupo Rio Claro - SP,gruporioclarosp.com.br,,Brazil
Agkam Strategies (65ymas),65ymas.com,,Spain
Gimtasis Rokiškis,grokiskis.lt,,Lithuania
Solomon Star News,solomonstarnews.com,,Solomon Islands
98FM Apucarana,98fmapucarana.com.br,,Brazil
Université de Bagdad,uobaghdad.edu.iq,,Iraq
El Sumario,elsumario.com,,Spain
Open Media Group,open-media.net,,Portugal
El Deporte Conquense,eldeporteconquense.com,,Spain
Jornal Rostos,rostos.pt,,Portugal
Midia Truck Brasil,midiatruckbrasil.com,,Brazil
La Discusión,ladiscusion.cl,,Chile
Hala Bedi,halabedi.eus,,Spain
Commersant,commersant.ge,,Georgia
Tempo Novo,portaltemponovo.com.br,,Brazil
Fact Magazine,fact-magazine.com,,Bahrain
94FM,94fm.com.br,,Brazil
umbriaOn,umbriaon.it,,Italy
Road Tv Italia,roadtvitalia.it,,Italy
Palestra Aguascalientes,palestraaguascalientes.com,,Mexico
Amwal Al Ghad,amwalalghad.com,,Egypt
TEPCO,tepco.co.jp,,Japan
Carburando,carburando.com,,Argentina
Move Notícias,movenoticias.com,,Portugal
Rivne Vechirne,rivnepost.rv.ua,,Ukraine
Infocul.pt,infocul.pt,,Portugal
CarsTotal,carstotal.com.ar,,Argentina
Ràdio i Televisió d'Andorra (RTVA),andorradifusio.ad,,Andorra
Polvora Rock,polvora.com.mx,,Mexico
Piauí Hoje,piauihoje.com,,Brazil
Barrancas,portalbarrancas.com,,Brazil
Panorama.am,panorama.am,,Armenia
Villa María Vivo,villamariavivo.com,,Argentina
Diario Alicante,diarioalicante.es,,Spain
Onliner,onliner.by,,Belarus
Vagas POA,vagaspoa.com.br,,Brazil
Nebras News,nebrasnews.com,,Jordan
SEICHO-NO-IE DO BRASIL,sni.org.br,,Brazil
Wiser.my,wiser.my,,Malaysia
Jornal Rondoniagora,rondoniagora.com,,Brazil
Crónica Norte,cronicanorte.es,,Spain
aRede,d.arede.info,,Brazil
Notus,notus.com.mx,,Mexico
retail.ru,retail.ru,,Russia
North Star Network,north-star.network,,France
Cityrumors,cityrumorsabruzzo.it,,Italy
Data Diario,datadiario.com,,Argentina
Webtretho,webtretho.com,,Vietnam
Agenda Sorocaba,agendasorocaba.com.br,,Brazil
Unian,unian.ua,,Ukraine
La Ocho mediterráneo,laocho.tv,,Spain
Rádio Hiper Fm,hiper.fm,,Portugal
Diario Digital,diariodigital.com.br,,Brazil
Ayre Group,ayre.group,,Antigua and Barbuda
Matichon Online,matichon.co.th,,Thailand
The Civilitas Foundation,civilnet.am,,Armenia
Radio Aurora,radioaurora.am,,Armenia
Fedegolf,federacioncolombianadegolf.com,,Colombia
DCFever,dcfever.com,,China
221,0221.com.ar,,Argentina
MamaClub,mamaclub.com.my,,Malaysia
Portal F5 News,f5news.com.br,,Brazil
Forbes Georgia,forbes.ge,,Georgia
LaViola,laviola.it,,Italy
Vedette Quebec,vedettequebec.com,,Canada
ArmInfo,arminfo.info,,Armenia
VnExpress,vnexpress.net,,Vietnam
Gazzettinonline,gazzettinonline.it,,Italy
PLAYERS of life,playersoflife.com,,Mexico
JD Domingo,jd1noticias.com,,Brazil
Hiru TV,hirutv.lk,,Sri Lanka
Salvatore Aranzulla,aranzulla.it,,Italy
Trinidad and Tobago Newsday,newsday.co.tt,,Trinidad and Tobago
Our Media CZ,ourmedia.cz,,Czech Republic
Horta Noticias,hortanoticias.com,,Spain
Хмарочоса (Hmarochos),hmarochos.kiev.ua,,Ukraine
El Tipógrafo,eltipografo.cl,,Chile
Israel Hayom ישראל היום,israelhayom.co.il,,Israel
Donau-Ries-Aktuell,donau-ries-aktuell.de,,Germany
Portal Bonde,bonde.com.br,,Brazil
Globovisión Tele,globovision.com,,Venezuela
LaPresse Italia,lapresse.it,,Italy
5 канал (Ukraine),5.ua,,Ukraine
Radios Regionales,radiosregionales.cl,,Chile
Vivicentro.it,vivicentro.it,,Italy
Luxe Radio,luxeradio.ma,,Morocco
Nablus TV,nablustv.net,,Palestine
La Maistas,lamaistas.lt,,Lithuania
The Village Україна,the-village.com.ua,,Ukraine
DRF Deutschland Fernsehen Produktions GmbH & Co. KG,tv-mittelrhein.de,,Germany
Armando.Info,armando.info,,Venezuela
jurnal.md,jurnal.md,,Moldova
KNR.gl,knr.gl,,Greenland
Máximo Avance,maximoavance.com,,Mexico
The Papare,thepapare.com,,Sri Lanka
Deutschlandfunk Kultur,deutschlandfunkkultur.de,,Germany
Business Media Georgia,bm.ge,,Georgia
Grupo Meio & Mensagem,meioemensagem.com.br,,Brazil
El Televisero,eltelevisero.com,,Spain
Diario El Ciudadano,elciudadanoweb.com,,Argentina
SOL.DE - Saarland Online,sol.de,,Germany
MKD.mk,mkd.mk,,Macedonia
La Tribuna de Ciudad Real,latribunadeciudadreal.es,,Spain
Nepali Times,nepalitimes.com,,Nepal
Capgròs,capgros.com,,Spain
L'Opinione,opinione.it,,Italy
قناة نسمة,nessma.tv,,Tunisia
Інтерфакс-Україна,interfax.com.ua,,Ukraine
Fins.az,fins.az,,Azerbaijan
Мінфін,minfin.com.ua,,Ukraine
Entreprendre,entreprendre.fr,,France
Geek Generation,geekgeneration.fr,,France
Enfoco,enfoco.com.br,,Brazil
ADN CONTENTS,adncontents.com,,France
RHA Media,top10malaysia.com,,Malaysia
Anime Corner,animecorner.me,,Montenegro
SomosXbox,somosxbox.com,,Spain
Bernardinai.lt,bernardinai.lt,,Lithuania
Asianewstoday,asianewstoday.com,,Malaysia
Orticalab,orticalab.it,,Italy
Sicurauto.it,sicurauto.it,,Italy
Actualite.CD,actualite.cd,,Congo (Democratic Republic)
Marodi TV,marodi.tv,,Senegal
Nalia Media Corporation,nrttv.com,,Iraq
HD Tecnologia,hd-tecnologia.com,,Argentina
Gruppo Norba,norbaonline.it,,Italy
Kachelmann GmbH,kachelmannwetter.com,,Germany
Campus Bee,campusbee.ug,,Uganda
O Vício,ovicio.com.br,,Brazil
Peru.Com,peru.com,,Peru
Catalunya Diari,catalunyadiari.com,,Spain
Brif.mk,brif.mk,,Macedonia
Anabel Media,anabelmagazine.com,,Albania
Posta MX,posta.com.mx,,Mexico
Mereja.com,mereja.com,,Ethiopia
Gazeta.uz,gazeta.uz,,Uzbekistan
Televisión XEIPN Canal Once,canalonce.mx,,Mexico
Mbu,mbu.ug,,Uganda
ONU Brasil,nacoesunidas.org,,Brazil
Cadena Rasa,cadenarasa.com,,Mexico
Influasia,influasia.com,,Malaysia
RTCG Portal,rtcg.me,,Montenegro
BBS news,bbs.bt,,Bhutan
صحيفة الرياضية,arriyadiyah.com,,Saudi Arabia
The Peninsula,thepeninsulaqatar.com,,Qatar
Trentino TV,trentinotv.it,,Italy
Jornada Geek,jornadageek.com.br,,Brazil
Willax Televisión,willax.tv,,Peru
Voces De Castilla La Mancha SL,vocesdecuenca.com,,Spain
Illimani de Comunicaciones,atb.com.bo,,Bolivia
F-16.net,f-16.net,,Belgium
Supermama,supermama.me,,Egypt
Fashionel.mk,fashionel.mk,,Macedonia
NowThis,weibo.com,,China
FT Sri Lanka,ft.lk,,Sri Lanka
Пари,pari.com.mk,,Macedonia
Прямий,prm.ua,,Ukraine
kataeb.org,kataeb.org,,Lebanon
Kickgh.com,kickgh.com,,Ghana
Conexão Política,conexaopolitica.com.br,,Brazil
All-Andorra,all-andorra.com,,Andorra
La Republica EC,larepublica.ec,,Ecuador
On FM,onfm.pt,,Portugal
Diario El Impulso,elimpulso.com,,Venezuela
Telefriuli,telefriuli.it,,Italy
meups.com.br,meups.com.br,,Brazil
Salca srl,lecconotizie.com,,Italy
K-News,knews.kg,,Kyrgyzstan
La Voz de Michoacán,lavozdemichoacan.com.mx,,Mexico
LowKick,lowkickmma.com,,Israel
Itupeva Agora,itupevaagora.com.br,,Brazil
TV24,tv24.lv,,Latvia
La Revue,larevue.qc.ca,,Canada
Digital Media Company (DMC),businessnews.com.tn,,Tunisia
La Jornada Aguascalientes,lja.mx,,Mexico
