company_name,domain,rss_feed,status
BanglaNews24.com.bd,banglanews24.com,https://banglanews24.com/rss.xml,To Do
Bangla Tribune,banglatribune.com,https://www.banglatribune.com/feed/,No feed generated
Blitz.bg,blitz.bg,https://blitz.bg/rss,To Do
CapeCod.com,capecod.com,https://www.capecod.com/feed/,Sending
Capital.ro,capital.ro,https://capital.ro/feed,To Do
clinica.bg,clinica.bg,https://clinica.bg/rss/news.xml,To Do
CricketTimes.com,crickettimes.com,https://crickettimes.com/feed/,To Do
Dartfreakz.nl,dartfreakz.nl,https://www.dartfreakz.nl/sitemap/news.xml,Sending
ELLE (Bulgaria),elle.bg,https://www.elle.bg/rss/articles.xml,To Do
Energypress.gr,energypress.gr,https://energypress.gr/rss,Error adding feed to EBX
F1Maximaal.nl,f1maximaal.nl,https://www.f1maximaal.nl/sitemap/news.xml,Error adding feed to EBX
Haberler.com,haberler.com,https://rss.haberler.com/rss.asp,To Do
Index.hu Zrt.,index.hu,https://index.hu/24ora/rss/,To Do
İnegöl Online,inegolonline.com,https://www.inegolonline.com/rss-baglantilari/rss.xml?limit=100,To Do
Ittefaq Group,ittefaq.com.bd,https://www.ittefaq.com.bd/feed/,No feed generated
Jatkoaika.com,jatkoaika.com,https://www.jatkoaika.com/rss/index.rss,Sending
Joemonster.org,joemonster.org,https://joemonster.org/backend.php,To Do
Kaumudi Cyber Studio (P) Ltd,keralakaumudi.com,https://keralakaumudi.com/rss/topstories,To Do
Monitorul de Vrancea,monitoruldevrancea.ro,https://www.monitoruldevrancea.ro/feed/,No feed generated
NewsTeam,newsteam.ro,https://newsteam.ro/feed,No feed generated
Pink.rs,pink.rs,https://pink.rs/rss-feed,Content not retrieved (retry later)
Probashir Diganta,probashirdiganta.com,https://www.probashirdiganta.com/articles/rssfeed,No feed generated
Promotions.hu,promotions.hu,https://promotions.hu/rss/rss.xml,Content not retrieved (retry later)
Punablog,puna.nl,https://www.puna.nl/sitemap/news.xml,No feed generated
Realitatea.net,realitatea.net,https://rss.realitatea.net/homepage.xml,Content not retrieved (retry later)
Regionalni tjednik doo,regionalni.com,https://regionalni.com/feed/,No feed generated
Rodiaki,rodiaki.gr,https://rodiaki.gr/feed,No feed generated
PINK INTERNATIONAL COMPANY D.O.O.,rtvpink.com,http://rtvpink.com/rss/vesti.php,Content not retrieved (retry later)
scigacz.pl,scigacz.pl,https://rss.scigacz.pl/rss.xml,Sending
Stiripesurse.ro,stiripesurse.ro,https://www.stiripesurse.ro/rss/stiri.xml,Error adding feed to EBX
tech360.tv,tech360.tv,https://www.tech360.tv/blog-feed.xml,Sending
Tenniskafe,tenniskafe.com,https://tenniskafe.com/feed,No feed generated
TheLiberal.ie,theliberal.ie,https://theliberal.ie/feed/,No feed generated
Traffic News,trafficnews.bg,https://trafficnews.bg/rss/index/,No feed generated
Visoko.co.ba,visoko.co.ba,https://visoko.ba/feed/,Sending
VIVA.co.id,viva.co.id,https://www.viva.co.id/get/all,Error adding feed to EBX
Wiara.pl,wiara.pl,https://www.wiara.pl/rss/rtr/6a2bc.Najciekawsze-wiara-pl,Sending
Yeşil Gazete,yesilgazete.org,https://yesilgazete.org/feed/,No feed generated
We Media (India),youandi.com,https://www.youandi.com/feed/,Content not retrieved (retry later)
Sportski žurnal (zvanična stranica),zurnal.rs,https://zurnal.rs/rss,Error adding feed to EBX
Redpen.gr,redpen.gr,http://redpen.gr/feed/,To Do
Smart-Money.co,smart-money.co,https://smart-money.co/feed/,To Do
Csepel.info,csepel.info,http://csepel.info/?feed=rss2,To Do
Asociaţia Română de Nutriţie şi Dietetică (ARoND),nutritiedietetica.ro,https://nutritiedietetica.ro/feed/,To Do
FWS.GR Fueled With Sports,fws.gr,https://athlosnews.gr/feed/,To Do
logodiatrofis.gr,logodiatrofis.gr,https://logodiatrofis.gr/feed/,To Do
ManUtd.pl,manutd.pl,https://www.manutd.pl/feed/,To Do
rpn.gr,rpn.gr,https://rpn.gr/feed/,To Do
dikgazete.com,dikgazete.com,https://www.dikgazete.com/xml/rss.xml,To Do
EBulgaria.bg,ebulgaria.bg,https://ebulgaria.bg/feed,To Do
naxostimes.gr,naxostimes.gr,https://naxostimes.gr/feed/,To Do
Tribune.bg,tribune.bg,https://tribune.bg/bg/rss/,To Do
Soccerlive.gr,soccerlive.gr,https://soccerlive.gr/component/fpss/module/166?format=feed&type=rss,To Do
hotnews24bd.com,hotnews24bd.com,http://hotnews24bd.com/feed/,To Do
Natun Gati - নতুন গতি,natungati.in,https://www.natungati.in/feed/,To Do
ROSUPERTOP.ro,rosupertop.ro,https://rosupertop.ro/feed/,To Do
Gregory D. Evans,gregorydevans.com,http://gregorydevans.com/blog/feed,To Do
MediaNarodowe.com,medianarodowe.com,https://medianarodowe.com/feed,To Do
Mail & Guardian [SA],mg.co.za,https://mg.co.za/feed/,To Do
House & Garden,houseandgarden.co.uk,https://www.houseandgarden.co.uk/feed/rss,To Do
Histmag.org,histmag.org,https://histmag.org/rss,To Do
Unwire.hk,unwire.hk,https://unwire.hk/feed,To Do
The Daily Signal / The Heritage Foundation (Heritage.org),dailysignal.com,https://www.dailysignal.com/feed/,To Do
Metromode.se,metromode.se,https://metromode.se/feed,To Do
Spider's Web,spidersweb.pl,https://spidersweb.pl/api/post/feed/feed-gn,To Do
Undertheradar.co.nz,undertheradar.co.nz,http://feeds.feedburner.com/UndertheradarconzNews,To Do
Enikos.gr,enikos.gr,https://www.enikos.gr/feed/,To Do
FASHION.HR,fashion.hr,https://fashion.hr/feed/,To Do
GospodarkaMorska.pl,gospodarkamorska.pl,https://gospodarkamorska.pl/articles/rss,To Do
wicklownews.net,wicklownews.net,https://wicklownews.net/feed,To Do
Novasports.gr,novasports.gr,https://www.novasports.gr/feed/,To Do
TheVegLife.com,theveglife.com,https://theveglife.com/feed/,To Do
Maritime Reporter & Engineering News,marinelink.com,https://www.marinelink.com/news/rss,To Do
Tennishead,tennishead.net,https://tennishead.net/feed/,To Do
Nyugat.hu,nyugat.hu,https://nyugat.hu/rss,To Do
It's Free at Last,itsfreeatlast.com,https://itsfreeatlast.com/feed/,To Do
Big Cabal Media [Zikoko + TechCabal],zikoko.com,https://www.zikoko.com/feed/,To Do
MetalSucks.net,metalsucks.net,https://metalsucks.net/feed,To Do
Wheel 'n Deal Mama,wheelndealmama.com,https://wheelndealmama.com/feed/,To Do
360°,360mag.bg,https://www.360mag.bg/feed,To Do
Dandavats.com,dandavats.com,https://www.dandavats.com/?feed=rss2,To Do
Direkno.hr,direktno.hr,https://direktno.hr/rss.xml,To Do
Vecernji.ba,vecernji.ba,https://vecernji.ba/feeds/latest,To Do
Football24.bg,football24.bg,https://football24.bg/feed/,To Do
ICIR [International Centre for Investigative Reporting],icirnigeria.org,https://www.icirnigeria.org/feed/,To Do
The Villages-News.com,villages-news.com,https://www.villages-news.com/feed/,To Do
"Nerdist Industries, LLC",nerdist.com,https://nerdist.com/feed/,To Do
LepotaiZdravlje.rs,lepotaizdravlje.rs,https://lepotaizdravlje.rs/feed/,To Do
Hiros.hu,hiros.hu,https://hiros.hu/feed,To Do
La Voz de América (VOA),voanoticias.com,https://voanoticias.com/api/,To Do
Life.ro,life.ro,https://life.ro/feed,To Do
SuntMamica.ro,suntmamica.ro,http://suntmamica.ro/rss,To Do
All That's Interesting,allthatsinteresting.com,https://allthatsinteresting.com/feed,To Do
srpskacafe.com,srpskacafe.com,https://srpskacafe.com/feed/,To Do
coxsbazarnews.com,coxsbazarnews.com,https://www.coxsbazarnews.com/feed,To Do
Profit.ro,profit.ro,https://profit.ro/rss,To Do
SportskaCentrala.com,sportskacentrala.com,https://www.sportskacentrala.com/feed/,To Do
Femcafe.hu,femcafe.hu,https://femcafe.hu/rss.xml,To Do
Privátbankár.hu,privatbankar.hu,https://privatbankar.hu/rss/,To Do
StiriMeteo.com,stirimeteo.com,https://www.stirimeteo.com/feed/,To Do
Τηλεγράφημα -tilegrafima.gr,tilegrafimanews.gr,https://tilegrafimanews.gr/feed/,To Do
Twice.hu,twice.hu,https://twice.hu/feed,To Do
Dama.bg,dama.bg,https://dama.bg/feed,To Do
Hokej.Net,hokej.net,https://hokej.net/rss,To Do
Africa.com,africa.com,https://africa.com/feed,To Do
Player Media Kft.,player.hu,https://player.hu/feed,To Do
Igényesférfi.hu,igenyesferfi.hu,https://igenyesferfi.hu/feed,To Do
Buro 24/7,buro247.hr,https://buro247.hr/feed/,To Do
Car Magazine (SA),carmag.co.za,https://www.carmag.co.za/feed/,To Do
Dartsnieuws.com,dartsnieuws.com,https://dartsnieuws.com/sitemap/news.xml,To Do
Enternity.gr,enternity.gr,https://enternity.gr/Rssfeeds/News.html,To Do
TheTaste.ie,thetaste.ie,https://www.thetaste.ie/feed,To Do
Burgasinfo.com,burgasinfo.com,https://www.burgasinfo.com/news/rss,To Do
AB-ilan.com,ab-ilan.com,https://ab-ilan.com/feed/,To Do
Entertainmentcareers.net,entertainmentcareers.net,https://www.entertainmentcareers.net/rss/featured.xml,To Do
Life.ba,life.ba,https://life.ba/feed,To Do
Formula.hu,formula.hu,https://formula.hu/rss/?cat=all,To Do
Sibiu100%,sibiu100.ro,https://sibiu100.ro/feed/,To Do
Gazetecilik Danışmanlık Hizmetleri Ltd. Şti,haberaydin.com,https://haberaydin.com/rss,To Do
Agroinform.hu,agroinform.hu,https://agroinform.hu/rss.php,To Do
Kompas Blend B.V.,startpagina.nl,https://startpagina.nl/blog/feed,To Do
Vkusi.me,vkusi.me,https://www.sled5.bg/feed/,To Do
Aftodioikisi.gr,aftodioikisi.gr,https://www.aftodioikisi.gr/category/dimosio/feed/,To Do
Yolo.gr,y-olo.gr,http://y-olo.gr/feeds/xml/latest.xml,To Do
Telegram.hr,telegram.hr,https://www.telegram.hr/feed/,To Do
World Mobile News Network Pvt Ltd.,newsmobile.in,https://www.newsmobile.in/feed/,To Do
Dimokratiki.gr,dimokratiki.gr,https://www.dimokratiki.gr/feed/,To Do
Men's Basketball Hoopscoop,mensbasketballhoopscoop.com,https://www.mensbasketballhoopscoop.com/feed/,To Do
CDODev.Com,cdodev.com,https://metrocdodev.com/feed/,To Do
Aek365.com,aek365.org,https://aek365.org/rss.php?type=RSS2,To Do
Olagiatingunaika.gr,olagiatingunaika.gr,https://olagiatingunaika.gr/feed/,To Do
Money & Markets,moneyandmarkets.com,https://moneyandmarkets.com/feed/,To Do
SfatulParintilor.ro,sfatulparintilor.ro,https://sfatulparintilor.ro/feed/,To Do
SofokleousIn.gr,sofokleousin.gr,https://www.sofokleousin.gr/feed/,To Do
ekefalonia.gr,ekefalonia.gr,https://ekefalonia.gr/feed/,To Do
JuniorsClub.gr,juniorsclub.gr,https://juniorsclub.gr/feed/,To Do
grambanglanews24.com,grambanglanews24.com,https://grambanglanews24.com/feed/,To Do
Cyclades24.gr,cyclades24.gr,https://cyclades24.gr/feed/,To Do
Diorismos.gr,diorismos.gr,http://feeds.feedburner.com/diorismos/newsroom,To Do
PlayTech.ro,playtech.ro,https://playtech.ro/feed/,To Do
Cevabun.ro,cevabun.ro,https://www.cevabun.ro/feed/,To Do
News.gr,news.gr,https://news.gr/rss.ashx,To Do
EpirusNow.gr,epirusnow.gr,https://www.epirusnow.gr/feed/,To Do
start-up.ro,start-up.ro,https://start-up.ro/feed/,To Do
Csaladinet.hu,csaladinet.hu,https://www.csaladinet.hu/rss/cikkek,To Do
Autónavigátor.hu,autonavigator.hu,https://www.autonavigator.hu/feed/,To Do
Catchy.ro,catchy.ro,https://www.catchy.ro/feed,To Do
ErgasiaTora.gr,ergasiatora.gr,https://ergasiatora.gr/feed,To Do
Filantropikum.com,filantropikum.com,https://filantropikum.com/feed/,To Do
Bartın.info,bartin.info,https://bartin.info/rss.php,To Do
Katiousa.gr,katiousa.gr,https://www.katiousa.gr/feed/,To Do
e-dimosio.gr,e-dimosio.gr,https://www.e-dimosio.gr/feed/,To Do
Copilul.ro,copilul.ro,https://copilul.ro/rss,To Do
Indian Autos Blog,indianautosblog.com,https://indianautosblog.com/feed,To Do
StateCollege.com,statecollege.com,https://www.statecollege.com/feed/,To Do
Speedcafe.com,speedcafe.com,https://speedcafe.com/feed/,To Do
BeautyExchange.com,beautyexchange.com.hk,https://beautyexchange.com.hk/feed/,To Do
RadioDMS.com,radiodms.com,https://radiodms.com/feed/,To Do
Novizivot.net,novizivot.net,https://www.novizivot.net/feed/,To Do
Gboah.com,gboah.com,https://www.gboah.com/feeds/posts/default,To Do
Racingline.hu,racingline.hu,https://racingline.hu/feed/,To Do
Folks Networks & Communication Private,panchayattimes.com,https://www.panchayattimes.com/feed/,To Do
Journal.hr,journal.hr,https://journal.hr/feed,To Do
Lowongan Kerja Jawa Tengah (Java Jobs),lokersoloraya.com,https://www.lokersoloraya.com/feeds/posts/default,To Do
Llap.info,llapi.info,https://www.llapi.info/feed/,To Do
प्राइमरी का मास्टर (Primary Ka Master),primarykamaster.com,https://www.primarykamaster.com/feeds/posts/default,To Do
Today's Bitcoin News,newsbtc.com,https://www.newsbtc.com/feed/,To Do
Mreža Mira (Peace Network),mreza-mira.net,https://mreza-mira.net/feed,To Do
ND News & Reviews,ndnr.com,https://ndnr.com/feed/,To Do
TheBluez.gr,thebluez.gr,https://thebluez.gr/feed/,To Do
Bostanistas.gr,bostanistas.gr,http://bostanistas.gr/rss?i=bostanistas.el.article,To Do
KK24.pl,kk24.pl,https://www.kk24.pl/rss/articles/pl,To Do
Miki's Hope,mikishope.com,https://www.mikishope.com/feeds/posts/default,To Do
everymum.ie,everymum.ie,https://everymum.ie/feed/,To Do
Ships & Ports,shipsandports.com.ng,https://shipsandports.com.ng/feed/,To Do
shajgoj.com - সাজগোজ,shajgoj.com,https://www.shajgoj.com/feed/,To Do
Sioux Falls.Business,siouxfalls.business,https://siouxfalls.business/feed/,To Do
Newsgarden24.com,newsgarden24.com,https://newsgarden24.com/feed,To Do
Testbook.com,testbook.com,https://testbook.com/blog/feed,To Do
eKorinthos.gr,ekorinthos.gr,https://ekorinthos.gr/feed/,To Do
Wheels.PH,wheels.ph,https://wheels.ph/feed,To Do
Cetățeanul.net,cetateanul.net,https://cetateanul.net/feed/,To Do
Thailandblog.nl,thailandblog.nl,https://www.thailandblog.nl/feed,To Do
De Utrechtse Internet Courant (DUIC),duic.nl,https://www.duic.nl/feed/,To Do
Palo.gr,palo.gr,http://palo.gr/rss,To Do
My Portal .gr,myportal.gr,https://myportal.gr/feed/,To Do
Boro.gr,boro.gr,https://boro.gr/feed/,To Do
Eordaialive.com,eordaialive.com,https://eordaialive.com/feed/,To Do
Kimura.se,kimura.se,https://www.kimura.se/feed/,To Do
Bochnianin.pl,bochnianin.pl,https://bochnianin.pl/feed/,To Do
eduline.hu,eduline.hu,https://eduline.hu/rss,To Do
Su Hakki!,suhakki.org,https://suhakki.org/feed/,To Do
Autopro.hu,autopro.hu,https://autopro.hu/feed/all.rss,To Do
newsbucuresti.ro,newsbucuresti.ro,https://newsbucuresti.ro/feed/,To Do
Climate Action Network South Asia (CANSA),cansouthasia.net,https://cansouthasia.net/feed,To Do
Ms. Career Girl,mscareergirl.com,https://www.mscareergirl.com/feed/,To Do
Konkurent.bg,konkurent.bg,https://konkurent.bg/feed,To Do
Massive Science Inc.,massivesci.com,https://massivesci.com/feed.xml,To Do
BasketWorld.net,basketworld.net,https://basketworld.net/feed/,To Do
Autopress.hr,autopress.hr,https://www.autopress.hr/feed/,To Do
Świat OZE,swiatoze.pl,https://swiatoze.pl/feed,To Do
Akhil Bharatiya Vidyarthi Parishad (ABVP),abvp.org,https://abvp.org/rss.xml,To Do
Farmer.pl,farmer.pl,https://www.farmer.pl/fragments/rss/rss000.xml,To Do
TalkBasket.net,talkbasket.net,https://talkbasket.net/feed,To Do
Kingsizemag.se,kingsizemag.se,https://www.kingsizemag.se/feed/,To Do
DEON.pl,deon.pl,https://deon.pl/rss,To Do
DLXVRSN Media Inc.,deluxeversionmagazine.com,https://deluxeversionmagazine.com/feed/,To Do
TheMayor.EU,themayor.eu,https://www.themayor.eu/rss/rss_en.xml,To Do
Aridaia365.gr,aridaia365.gr,https://www.aridaia365.gr/feeds/posts/default,To Do
Hull What's On,hullwhatson.com,https://hullwhatson.com/feed/,To Do
U.Today,u.today,https://u.today/rss,To Do
e-Nautilia.gr,e-nautilia.gr,https://e-nautilia.gr/feed,To Do
WPKY 103.3FM,wpkyonline.com,https://www.wpkyonline.com/feed/,To Do
e-ABOUT.gr,e-about.gr,https://e-about.gr/feed/,To Do
NewsBiscuit.com,newsbiscuit.com,https://www.newsbiscuit.com/blog-feed.xml,To Do
info.elblag.pl,info.elblag.pl,https://info.elblag.pl/rss/,To Do
Novosti.hr,novosti.hr,https://novosti.hr/feed/,To Do
mykonosdaily.gr,mykonosdaily.gr,https://mykonosdaily.gr/feed,To Do
Radio1d.gr,radio1d.gr,https://www.radio1d.gr/feed/,To Do
Vreancea.24,vrancea24.ro,https://www.vrancea24.ro/feed/,To Do
Buzzbands.la,buzzbands.la,https://buzzbands.la/feed,To Do
Radio Nova Gradiška (98.1Mhz),radiong.hr,https://radiong.hr/feed/,To Do
Gadgetreport.ro,gadgetreport.ro,https://gadgetreport.ro/feed/,To Do
It's Possible,itspossible.gr,https://www.itspossible.gr/feed/,To Do
iporta.gr,iporta.gr,https://iporta.gr/feed/,To Do
ZiarMM.ro,ziarmm.ro,https://ziarmaramures.ro/feed/,To Do
abnews.ro,abnews.ro,https://www.abnews.ro/feed/,To Do
Ocala-News.com,ocala-news.com,https://www.ocala-news.com/feed/,To Do
TVMneamţ.ro,tvmneamt.ro,https://tvmneamt.ro/feed/,To Do
Suwalki24.pl,suwalki24.pl,http://suwalki24.pl/rss,To Do
VimaOnline.gr,vimaonline.gr,https://www.vimaonline.gr/feed/,To Do
Koncert.hu,koncert.hu,https://www.koncert.hu/rss/hirek,To Do
iPress.hr,ipress.hr,https://ipress.hr/?format=feed&type=rss,To Do
Vaken.se,vaken.se,https://www.vaken.se/feed/,To Do
RynekInfrastruktury.pl,rynekinfrastruktury.pl,https://www.rynekinfrastruktury.pl/rss/rss.xml,To Do
AutoStrada.MD,autoblog.md,https://autoblog.md/feed/,To Do
e-stargard.pl,e-stargard.pl,https://e-stargard.pl/rss/posts/index,To Do
Susanvillestuff.com,susanvillestuff.com,https://susanvillestuff.com/feed/,To Do
thespro.gr,thespro.gr,https://www.thespro.gr/feeds/posts/default,To Do
OilPrice.com,oilprice.com,https://oilprice.com/rss.xml,To Do
EnergyPress.net,energypress.net,https://www.energypress.net/feed/,To Do
GetRealPhilippines.COM,getrealphilippines.com,https://www.getrealphilippines.com/feed/,To Do
InVeria.gr,inveria.gr,https://www.inveria.gr/feeds/posts/default,To Do
100%NL Magazine,100pmagazine.nl,https://100pmagazine.nl/feed,To Do
Verianet.gr,verianet.gr,https://verianet.gr/feed/,To Do
IoanninaBars.gr,ioanninabars.gr,https://ioanninabars.gr/feed/,To Do
PowWows.com,powwows.com,https://powwowlife.libsyn.com/rss,To Do
Gramofona.com,gramofona.com,https://gramofona.com/rss,To Do
TechNews.bg,technews.bg,https://technews.bg/feed,To Do
PWMania.com,pwmania.com,https://www.pwmania.com/feed,To Do
bolaskor.com,bolaskor.com,https://bolaskor.com/feed,To Do
Lite 98.7 WLZW,lite987.com,https://lite987.com/feed/,To Do
LitNet.co.za,litnet.co.za,https://litnet.co.za/feed,To Do
Gradbanjaluka.com,gradbanjaluka.com,https://gradbanjaluka.com/feed/,To Do
Receptkirály.hu,receptkiraly.hu,https://receptkiraly.hu/feed/,To Do
infoDENT24.pl,infodent24.pl,https://www.infodent24.pl/feed/,To Do
MIXER.HR,mixer.hr,https://mixer.hr/feed/,To Do
Cluj.com - Ghid Local,cluj.com,https://cluj.com/feed,To Do
Povijest.hr,povijest.hr,https://povijest.hr/feed/,To Do
speedwaynews.pl,speedwaynews.pl,https://speedwaynews.pl/feed,To Do
onebanglanews.com,onebanglanews.com,https://onebanglanews.com/feed/,To Do
Parakato.gr,parakato.gr,http://www.parakato.gr/feeds/posts/default,To Do
Praise 106.1 Baltimore,praisebaltimore.com,https://praisebaltimore.com/feed/,To Do
Picks & Parlays,picksandparlays.net,http://picksandparlays.net/news/feed,To Do
L'Observateur US,lobservateur.com,https://lobservateur.com/feed,To Do
MyNewsLA.com,mynewsla.com,https://mynewsla.com/feed/,To Do
North.Wales,north.wales,https://north.wales/feed,To Do
onetamilnews.com,onetamilnews.com,https://onetamilnews.com/feed/,To Do
Guitar.com,guitar.com,https://guitar.com/feed/,To Do
Τύπος Ιωαννίνων typos-i.gr,typos-i.gr,https://typos-i.gr/rss,To Do
efimeridakefalonia.gr,efimeridakefalonia.gr,https://efimeridakefalonia.gr/feed/,To Do
Auto Motor & Sport Sverige,mestmotor.se,https://mestmotor.se/feed,To Do
Vordingborg.in,vordingborg.in,https://vordingborg.in/feed/,To Do
TELEPOLIS.PL,telepolis.pl,https://www.telepolis.pl/rss,To Do
MÉDIAPIAC.COM,mediapiac.com,https://mediapiac.com/feed,To Do
Sport365.hu,sport365.hu,https://sport365.hu/feed,To Do
CursDeGuvernare.ro,cursdeguvernare.ro,https://cursdeguvernare.ro/feed,To Do
e-thessalia.gr,e-thessalia.gr,https://e-thessalia.gr/feed/,To Do
FutbolNews.pl,futbolnews.pl,https://futbolnews.pl/feed,To Do
steigan.no,steigan.no,https://steigan.no/feed/,To Do
St George & Sutherland Shire Leader,theleader.com.au,https://theleader.com.au/rss.xml,To Do
PécsMa.hu,pecsma.hu,https://www.pecsma.hu/feed/,To Do
Greendex.hu,greendex.hu,https://greendex.hu/feed,To Do
İşte Çanakkale Gazetesi,istecanakkalegazetesi.com,https://istecanakkalegazetesi.com/rss,To Do
konecki24.pl,konecki24.pl,https://konecki24.pl/rss,To Do
Powergame.gr,powergame.gr,https://powergame.gr/feed,To Do
AL.com,al.com,https://www.al.com/arc/outboundfeeds/rss/?outputType=xml,To Do
Green.hr,green.hr,https://green.hr/feed/,To Do
UltimateTube.com,ultimatetube.com,https://ultimatetube.com/rss.php,To Do
HealthWeb.gr,healthweb.gr,https://www.healthweb.gr/feed/gn,To Do
Župan.hr,zupan.hr,https://zupan.hr/feed/,To Do
Capenews.net,capenews.net,http://www.capenews.net/search/?f=rss&t=article&l=50&s=start_time&sd=desc&k%5B%5D=%23topstory,To Do
Thrylos24.gr,thrylos24.gr,https://thrylos24.gr/feed,To Do
Bet3.gr,bet3.gr,https://www.bet3.gr/feed/,To Do
N/A,fox17.com,https://fox17.com/.rss,To Do
ব্যাংকিং নিউজ বাংলাদেশ,bankingnewsbd.com,https://www.bankingnewsbd.com/feed/,To Do
Don't Panic Magazine,dnpmag.com,https://dnpmag.com/feed,To Do
PGurus.com,pgurus.com,https://www.pgurus.com/feed/,To Do
気になるバイクニュース。,kininarubikenews.com,https://kininarubikenews.com/feed,To Do
OstrowMaz24.pl,ostrowmaz24.pl,https://ostrowmaz24.pl/rss.xml,To Do
Amaliadanews.gr,ilia.news,https://ilia.news/feed/,To Do
Franz Alt - SONNENSEITE.COM,sonnenseite.com,https://www.sonnenseite.com/de/feed/,To Do
miastoNS.pl,miastons.pl,https://miastons.pl/feed/,To Do
ITutorial.ro - Noutăți și tutoriale pentru iPhone,itutorial.ro,https://itutorial.ro/feed/,To Do
Rustenburg.biz,rustenburg.biz,https://www.rustenburg.biz/feed/,To Do
UsabilityGeek - Usability & User Experience Blog,usabilitygeek.com,https://usabilitygeek.com/feed/,To Do
–°—Ç–∞—ö–µ —Å—Ç–≤–∞—Ä–∏,stanjestvari.com,https://stanjestvari.com/feed/,To Do
ljepotaizdravlje.ba,ljepotaizdravlje.ba,https://www.ljepotaizdravlje.ba/feed,To Do
–ü—Ä–µ—Å—Å–∞ –£–∫—Ä–∞–∏–Ω—ã,uapress.info,https://uapress.info/feed,To Do
VonBeau.com,vonbeau.com,https://vonbeau.com/feed/,To Do
woohoo.hu,woohoo.hu,https://woohoo.hu/feed,To Do
Gospodarka Wyborcza.pl,wyborcza.biz,https://wyborcza.biz/pub/rss/wyborcza_biz_wiadomosci.xml,To Do
Burgasnews.com,burgasnews.com,https://www.burgasnews.com/feed/,To Do
CongoPlanete.com,congoplanete.com,https://congoplanete.com/feeds/rss_congo_africa_fr.xml,To Do
Mamme&Risparmio,wordpress.com,https://wordpress.com/blog/feed/,To Do
divainbucatarie.ro,divainbucatarie.ro,https://divainbucatarie.ro/feed/,To Do
শিক্ষাবার্তা ডট কম,shikshabarta.com,https://shikshabarta.com/feed/,To Do
Maja VOLK - Zdravi Stilovi Života.,novapoetika.com,https://novapoetika.com/feed/,To Do
Kresy24.pl,kresy24.pl,https://kresy24.pl/feed/,To Do
Bookhub.ro,bookhub.ro,https://bookhub.ro/feed/,To Do
ÿßŸÑÿÆÿ®ÿ± ÿßŸÑŸäŸÖŸÜŸä,alkhabaralyemeni.net,https://alkhabaralyemeni.net/feed/,To Do
Marianas Variety News & Views,mvariety.com,https://www.mvariety.com/feed/,To Do
B102.7,b1027.com,https://b1027.com/feed/,To Do
97.5 WOKQ,wokq.com,https://wokq.com/feed/,To Do
Nownews.gr,nownews.gr,https://nownews.gr/feed/,To Do
Anziksz Nagyk√°rolyr√≥l,anziksz.com,https://anziksz.com/feed/,To Do
PályázatMenedzser.hu,palyazatmenedzser.hu,https://palyazatmenedzser.hu/feed/,To Do
EVOKE.ie,evoke.ie,https://evoke.ie/feed,To Do
Lake & McHenry County Scanner,lakemchenryscanner.com,https://www.lakemchenryscanner.com/feed/,To Do
Banks.com.gr,banks.com.gr,https://banks.com.gr/feed/,To Do
Ypodomes.com,ypodomes.com,https://ypodomes.com/feed/,To Do
zabalaaldia.com,zabalaaldia.com,https://zabalaaldia.com/feed/,To Do
3minute.net,3minute.net,https://3minute.net/feed/,To Do
"BIKE NATION Magazine FZ,LLC",bikenationmag.com,https://bikenationmag.com/feed/,To Do
Korinthia.net.gr,korinthia.net.gr,https://www.korinthia.net.gr/feed/,To Do
Okay.ng,okay.ng,https://okay.ng/feed/,To Do
KA-Business.gr,ka-business.gr,https://ka-business.gr/feed,To Do
KOLR10 & Ozarks Local News,ozarksfirst.com,https://ozarksfirst.com/feed,To Do
Lesvosvoice.gr,lesvosvoice.gr,https://lesvosvoice.gr/feed/,To Do
iHeartDogs.com,iheartdogs.com,https://iheartdogs.com/feed/,To Do
Srednja.hr,srednja.hr,https://srednja.hr/feed,To Do
ilarissa.gr,ilarissa.gr,https://ilarissa.gr/feed,To Do
Simply Recipes Inc.,simplyrecipes.com,https://feeds-api.dotdashmeredith.com/v1/rss/google/239d0eb0-7325-4400-8d4b-edad471df6c3,To Do
